id,code,name,description,price,unit,category,brand,hs_code,weight,volume,qty,spec,specs_l,specs_w,specs_h,specification,area,location,box_no,material,color,image,image_filename,image_data,remarks,tags,create_time,update_time,restaurant_brand_id,material_brand,suggested_waste_rate,excel_src_row,pic_folder,code_before_cleanup
1,HW10-GYHG-XF46-001,订书机,中号,9,个,五金杂件,,,,,,,,,,,五金杂件,,,,,"=DISPIMG(""ID_3B50FB65A7704447B7E81A291D15593E"",1)",,,,,,,,,,2,前厅杂件,HW10-GYHG-XF46-001
2,HW10-GYHG-X6A1-001,订书丁,中号,9,盒,五金杂件,,,,,,,,,,,五金杂件,,,,,"=DISPIMG(""ID_F386D20A1CAB4405B3AC161CB845735C"",1)",,,,,,,,,,3,前厅杂件,HW10-GYHG-X6A1-001
3,HW10-GYHG-X6D1-001,涂改液,,3.8,个,五金杂件,,,,,,,,,,,五金杂件,,,,,"=DISPIMG(""ID_43AC2C864B5D4222810228A1908784D5"",1)",,,,,,,,,,4,前厅杂件,HW10-GYHG-X6D1-001
4,HW10-GYHG-X89D-001,标签贴,,8.5,袋,五金杂件,,,,,,,,,,,五金杂件,,,,,"=DISPIMG(""ID_9BB05DB97E52444084D5CEB9F9758A8A"",1)",,,,,,,,,,5,前厅杂件,HW10-GYHG-X89D-001
5,HW10-GYHG-XDF8-001,便利贴,,10.6,盒,五金杂件,,,,,,,,,,,五金杂件,,,,,"=DISPIMG(""ID_5321006632A74C66B58B6B872743E22C"",1)",,,,,,,,,,6,前厅杂件,HW10-GYHG-XDF8-001
6,HW10-GYHG-XC5D-001,文件夹,,4.9,个,五金杂件,,,,,,,,,,,五金杂件,,,,,"=DISPIMG(""ID_52E5494BBB6B4D4C80B4D1817DB2B0D9"",1)",,,,,,,,,,7,前厅杂件,HW10-GYHG-XC5D-001
7,HW10-GYHG-X46A-001,文件袋,,7.9,个,五金杂件,,,,,,,,,,,五金杂件,,,,,"=DISPIMG(""ID_0A264CEEEFE34526BB33DBF842D8E7E7"",1)",,,,,,,,,,8,前厅杂件,HW10-GYHG-X46A-001
8,HW10-GYHG-XF3F-001,文件盒,,13.9,个,五金杂件,,,,,,,,,,,五金杂件,,,,,"=DISPIMG(""ID_5D3657D8440545CD889D5E8A0688A67C"",1)",,,,,,,,,,9,前厅杂件,HW10-GYHG-XF3F-001
9,HW10-GYHG-X51C-001,票据传叉针,,11.9,个,五金杂件,,,,,,,,,,,五金杂件,,,,,"=DISPIMG(""ID_B9A006FC19F64BE8BADF3C4003D95888"",1)",,,,,,,,,,10,前厅杂件,HW10-GYHG-X51C-001
10,HW10-GYHG-X907-001,收银纸,80*80mm,158,件,五金杂件,,,,,,,,,,,五金杂件,,,,,"=DISPIMG(""ID_75B52EDB7CEF4B249386DCA780135468"",1)",,,,,,,,,,11,前厅杂件,HW10-GYHG-X907-001
11,HW10-GYHG-X392-001,固定电话,,49,台,五金杂件,,,,,,,,,,,五金杂件,,,,,"=DISPIMG(""ID_3A4C8CE106B44C268F416352252EE91D"",1)",,,,,,,,,,12,前厅杂件,HW10-GYHG-X392-001
12,HW10-GYHG-X205-001,计算器,,13,个,五金杂件,,,,,,,,,,,五金杂件,,,,,"=DISPIMG(""ID_FB98F3BD0F5C403285E1D89AFC2E58C8"",1)",,,,,,,,,,13,前厅杂件,HW10-GYHG-X205-001
13,HW10-GYHG-X737-001,铅笔,,13.8,盒,五金杂件,,,,,,,,,,,五金杂件,,,,,"=DISPIMG(""ID_84DCDFDECA7E459BA12C15617DC86202"",1)",,,,,,,,,,14,前厅杂件,HW10-GYHG-X737-001
14,HW10-GYHG-XDB7-001,中性笔,,29.9,盒,五金杂件,,,,,,,,,,,五金杂件,,,,,"=DISPIMG(""ID_42C58712C49A4885B39361189FB58ED9"",1)",,,,,,,,,,15,前厅杂件,HW10-GYHG-XDB7-001
15,HW10-GYHG-XEF3-001,铅笔刀,,13.9,个,五金杂件,,,,,,,,,,,五金杂件,,,,,"=DISPIMG(""ID_C0DB12E80B3F40DC8A410C9E4484F11F"",1)",,,,,,,,,,16,前厅杂件,HW10-GYHG-XEF3-001
16,HW10-GYHG-X61B-001,小剪刀,,4.8,把,五金杂件,,,,,,,,,,,五金杂件,,,,,"=DISPIMG(""ID_00C6998B61E14D14AF11D4E48FBFACE5"",1)",,,,,,,,,,17,前厅杂件,HW10-GYHG-X61B-001
17,HW10-GYHG-X9A2-001,橡皮檫,,0.69,个,五金杂件,,,,,,,,,,,五金杂件,,,,,"=DISPIMG(""ID_8F94EE86EC144BBDA6318CC67F298EE6"",1)",,,,,,,,,,18,前厅杂件,HW10-GYHG-X9A2-001
18,HW10-GYHG-X067-001,红酒开瓶器,,14.9,个,五金杂件,,,,,,,,,,,五金杂件,,,,,"=DISPIMG(""ID_9CDA7D39FB4C4743879BDA0C268DE1EE"",1)",,,,,,,,,,19,前厅杂件,HW10-GYHG-X067-001
19,HW10-GYHG-XE91-001,医药箱,16*15*24.5cm,79,个,五金杂件,,,,,,,,,,,五金杂件,,,,,"=DISPIMG(""ID_7B104D0CB635473BAF8D0543EF4650A5"",1)",,,,,,,,,,20,前厅杂件,HW10-GYHG-XE91-001
20,HW10-GYHG-XC45-001,一次性手套,,13,盒,五金杂件,,,,,,,,,,,五金杂件,,,,,"=DISPIMG(""ID_0083734EE8E2493CB356801C3E21057D"",1)",,,,,,,,,,21,前厅杂件,HW10-GYHG-XC45-001
21,HW10-GYHG-XFDD-001,啤酒开瓶器,,0.35,盒,五金杂件,,,,,,,,,,,五金杂件,,,,,"=DISPIMG(""ID_134EB241EB5E431295F599D5AD73B307"",1)",,,,,,,,,,22,前厅杂件,HW10-GYHG-XFDD-001
22,HW10-GYHG-X3A6-001,红酒杯,,3.8,个,五金杂件,,,,,,,,,,,五金杂件,,,,,"=DISPIMG(""ID_676BFC8BECC04D26AEA634E2E173F638"",1)",,,,,,,,,,23,前厅杂件,HW10-GYHG-X3A6-001
23,HW10-GYHG-X30F-001,醒酒器,,58,个,五金杂件,,,,,,,,,,,五金杂件,,,,,"=DISPIMG(""ID_7260FE9888FB42BBAB602289C35AE157"",1)",,,,,,,,,,24,前厅杂件,HW10-GYHG-X30F-001
24,HW10-GYHG-X875-001,2钱装白酒杯,,14.8,个,五金杂件,,,,,,,,,,,五金杂件,,,,,"=DISPIMG(""ID_BAB8B00A43C74BD9938DDA71235C2B6B"",1)",,,,,,,,,,25,前厅杂件,HW10-GYHG-X875-001
25,HW10-GYHG-XF0B-001,白酒分酒器,,8,个,五金杂件,,,,,,,,,,,五金杂件,,,,,"=DISPIMG(""ID_29C71C6DC7E64D2487695834148BA02C"",1)",,,,,,,,,,26,前厅杂件,HW10-GYHG-XF0B-001
26,HW10-GYHG-XF5C-001,惠普打印机,,800,台,五金杂件,,,,,,,,,,,五金杂件,,,,,"=DISPIMG(""ID_D95D3676FF4E4D1FB7A658C942BA2015"",1)",,,,,,,,,,27,前厅杂件,HW10-GYHG-XF5C-001
27,HW10-GYHG-X51B-001,A4打印纸,,106,件,五金杂件,,,,,,,,,,,五金杂件,,,,,"=DISPIMG(""ID_D46529D1C64645FBB821676C34E99165"",1)",,,,,,,,,,28,前厅杂件,HW10-GYHG-X51B-001
28,HW10-GYHG-X22A-001,对讲机,,179,个,五金杂件,,,,,,,,,,,五金杂件,,,,,"=DISPIMG(""ID_003721F9E2C448588B6CCB559D740429"",1)",,,,,,,,,,29,前厅杂件,HW10-GYHG-X22A-001
29,HW10-GYHG-X0FA-001,啤酒杯框,,37.9,个,五金杂件,,,,,,,,,,,五金杂件,,,,,"=DISPIMG(""ID_6A60DB9597A34AAEB218AB0D73CFC4D1"",1)",,,,,,,,,,30,前厅杂件,HW10-GYHG-X0FA-001
30,HW10-GYHG-CMX-001,打包盒直径18cm,可添加LOGO定制,16,箱,五金杂件,,,,,,,,,,,五金杂件,,,,,"=DISPIMG(""ID_C988B4980A8A47ACAED9866FA925BD10"",1)",,,,,,,,,,31,前厅杂件,HW10-GYHG-CMX-001
31,HW10-GYHG-X9A8-001,食品打包袋,可添加LOGO定制,100,箱,五金杂件,,,,,,,,,,,五金杂件,,,,,"=DISPIMG(""ID_9571E209A5EF4270B2402C9517F3134B"",1)",,,,,,,,,,32,前厅杂件,HW10-GYHG-X9A8-001
32,HW10-GYHG-XE75-001,挂钩,,6.9,个,五金杂件,,,,,,,,,,,五金杂件,,,,,"=DISPIMG(""ID_029CB2BD1C494BAD9F8B6C9EF0DB8095"",1)",,,,,,,,,,33,前厅杂件,HW10-GYHG-XE75-001
33,HW10-GYHG-XB88-001,收银毛巾,,12.49,个,五金杂件,,,,,,,,,,,五金杂件,,,,,"=DISPIMG(""ID_98EED692380D4D92B7F6917A7A13F589"",1)",,,,,,,,,,34,前厅杂件,HW10-GYHG-XB88-001
34,HW10-GYHG-X262-001,虎牌保险柜,,918,台,五金杂件,,,,,,,,,,,五金杂件,,,,,"=DISPIMG(""ID_0167F02D82064F0DBFC6EC251C884447"",1)",,,,,,,,,,35,前厅杂件,HW10-GYHG-X262-001
35,HW10-GYHG-XDE0-001,验钞机,晨光,369,台,五金杂件,,,,,,,,,,,五金杂件,,,,,"=DISPIMG(""ID_9087D3D6980A40A58F742DD018163215"",1)",,,,,,,,,,36,前厅杂件,HW10-GYHG-XDE0-001
36,HW10-GYHG-X785-001,封口胶布,,22.9,卷,五金杂件,,,,,,,,,,,五金杂件,,,,,"=DISPIMG(""ID_02974865D9E745E998DC76FF6A4C09B5"",1)",,,,,,,,,,37,前厅杂件,HW10-GYHG-X785-001
37,HW10-GYHG-XB68-001,插线板,,22,个,五金杂件,,,,,,,,,,,五金杂件,,,,,"=DISPIMG(""ID_B7038DC2BC7849538F3E0734016EF968"",1)",,,,,,,,,,38,前厅杂件,HW10-GYHG-XB68-001
38,HW10-GYHG-X2CA-001,笔筒,,9,个,五金杂件,,,,,,,,,,,五金杂件,,,,,"=DISPIMG(""ID_825FDD84810E48A292687EBC31563E30"",1)",,,,,,,,,,39,前厅杂件,HW10-GYHG-X2CA-001
39,HW10-GYHG-X851-001,印泥,,8.7,个,五金杂件,,,,,,,,,,,五金杂件,,,,,"=DISPIMG(""ID_75914D268AC743C9AE9FB2CEDA1E6C76"",1)",,,,,,,,,,40,前厅杂件,HW10-GYHG-X851-001
40,HW10-GYHG-XB15-001,4D标签工具,,2.2,套,五金杂件,,,,,,,,,,,五金杂件,,,,,"=DISPIMG(""ID_83DE7058AFB546CB9BF3835EFCB45C05"",1)",,,,,,,,,,41,前厅杂件,HW10-GYHG-XB15-001
41,HW10-GYHG-X985-001,买单夹,200mm*100mm,15.8,个,五金杂件,,,,,,,,,,,五金杂件,,,,,"=DISPIMG(""ID_7EADAA78F1034DFF81B367C1022C71AF"",1)",,,,,,,,,,42,前厅杂件,HW10-GYHG-X985-001
42,HW10-GYHG-X664-001,吸管盒,230*180*100mm,29.8,个,五金杂件,,,,,,,,,,,五金杂件,,,,,"=DISPIMG(""ID_D0E01679DB90441A87C92D4977ED1C5B"",1)",,,,,,,,,,43,前厅杂件,HW10-GYHG-X664-001
43,HW10-GYHG-X516-001,杨梅木托盘,直径310mm,22,个,五金杂件,,,,,,,,,,,五金杂件,,,,,"=DISPIMG(""ID_6F55BE19DF294827B52238CE1F37DF02"",1)",,,,,,,,,,44,前厅杂件,HW10-GYHG-X516-001
44,HW10-GYHG-X9AF-001,杨梅碟,直径60mm,3.5,个,五金杂件,,,,,,,,,,,五金杂件,,,,,"=DISPIMG(""ID_C9FA48E030874659B452398F0628B8B0"",1)",,,,,,,,,,45,前厅杂件,HW10-GYHG-X9AF-001
45,HW10-GYHG-X262-002,酸梅汤壶,0.8L,55,个,五金杂件,,,,,,,,,,,五金杂件,,,,,"=DISPIMG(""ID_907C0244BDFB48288C71AB788151C291"",1)",,,,,,,,,,46,前厅杂件,HW10-GYHG-X262-002
46,HW10-GYHG-X51A-001,牙签盘（糖盘）,250mm*100mm,39.9,个,五金杂件,,,,,,,,,,,五金杂件,,,,,"=DISPIMG(""ID_B61FBC4E1F3747BF8314368CC76B164F"",1)",,,,,,,,,,47,前厅杂件,HW10-GYHG-X51A-001
47,HW10-GYHG-X613-001,薄荷糖,,可定制外包装，微信Zyl19912468、liulingmei2012,袋,五金杂件,,,,,,,,,,,五金杂件,,,,,"=DISPIMG(""ID_ACB2554643404E418C9A836CB903AC1A"",1)",,,,,,,,,,48,前厅杂件,HW10-GYHG-X613-001
48,HW10-GYHG-XF32-001,工具箱,,228,套,五金杂件,,,,,,,,,,,五金杂件,,,,,"=DISPIMG(""ID_2888B6ECB9DE43F6B7768689A606DD85"",1)",,,,,,,,,,49,前厅杂件,HW10-GYHG-XF32-001
49,HW10-GYHG-X011-001,音响,品牌名称：曼龙,2550,个,五金杂件,,,,,,,,,,,五金杂件,,,,,"=DISPIMG(""ID_1C3AF569F77944ADB13548EDAE4CAFCB"",1)",,,,,,,,,,50,前厅杂件,HW10-GYHG-X011-001
50,HW10-GYHG-X709-001,话筒,,129,个,五金杂件,,,,,,,,,,,五金杂件,,,,,"=DISPIMG(""ID_8DFCB181D2AA46A89048A9CDF47DDE05"",1)",,,,,,,,,,51,前厅杂件,HW10-GYHG-X709-001
51,HW10-GYHG-X5FB-001,免洗手液,,75,瓶,五金杂件,,,,,,,,,,,五金杂件,,,,,"=DISPIMG(""ID_23A9293765FB43EBBDAC3250D8AB656A"",1)",,,,,,,,,,52,前厅杂件,HW10-GYHG-X5FB-001
52,HW10-GYHG-XA4C-001,不锈钢保温水壶,,39.8,个,五金杂件,,,,,,,,,,,五金杂件,,,,,"=DISPIMG(""ID_5C2FA19107BA4FCB95E974C2D8A1C0DF"",1)",,,,,,,,,,53,前厅杂件,HW10-GYHG-XA4C-001
53,HW10-GYHG-X9D5-001,纸杯架子,,148,个,五金杂件,,,,,,,,,,,五金杂件,,,,,"=DISPIMG(""ID_F7098A3811F3486E834B56B0CDD5281E"",1)",,,,,,,,,,54,前厅杂件,HW10-GYHG-X9D5-001
54,HW10-GYHG-XF32-002,行李手牌,,3,个,五金杂件,,,,,,,,,,,五金杂件,,,,,"=DISPIMG(""ID_C4588D59307B46EBBCBA9EAA6418D3E7"",1)",,,,,,,,,,55,前厅杂件,HW10-GYHG-XF32-002
55,HW10-GYHG-X41F-001,体温枪,,199,把,五金杂件,,,,,,,,,,,五金杂件,,,,,"=DISPIMG(""ID_7F3F1FCB406B4A01816C95CC61E0E920"",1)",,,,,,,,,,56,前厅杂件,HW10-GYHG-X41F-001
56,HW10-GYHG-X6A8-001,美的纯净水机,根据情况操作购买,199,台,五金杂件,,,,,,,,,,,五金杂件,,,,,"=DISPIMG(""ID_D3297D4CD21148AC823225E00DFDB8DE"",1)",,,,,,,,,,57,前厅杂件,HW10-GYHG-X6A8-001
57,HW10-GYHG-X7C5-001,等位果汁机,品牌: VTSMAX/维思美型号: YLJ-302生产企业: 维思美功率: 500W容量: 54L,1780,台,五金杂件,,,,,,,,,,,五金杂件,,,,,"=DISPIMG(""ID_43293F4FB32842F1A750CE8613C8A2C1"",1)",,,,,,,,,,58,前厅杂件,HW10-GYHG-X7C5-001
58,HW10-GYHG-X7D0-001,一次性雨衣,可添加LOGO定制,2.5,箱,五金杂件,,,,,,,,,,,五金杂件,,,,,"=DISPIMG(""ID_3BE1BEC86804434B8E9ED4AB1073EEF7"",1)",,,,,,,,,,59,前厅杂件,HW10-GYHG-X7D0-001
59,HW10-GYHG-XD37-001,排号机打印纸,57cm*30cm,40.5,箱,五金杂件,,,,,,,,,,,五金杂件,,,,,"=DISPIMG(""ID_4C30B9A4E3D94851875F816EC7C3D3F6"",1)",,,,,,,,,,60,前厅杂件,HW10-GYHG-XD37-001
60,HW10-GYHG-X85C-001,排号机,"美团配套硬件有则无需
",1038,套,五金杂件,,,,,,,,,,,五金杂件,,,,,"=DISPIMG(""ID_18D5B530FDA8426D83E4E5E339079853"",1)",,,,,,,,,,61,前厅杂件,HW10-GYHG-X85C-001
61,HW10-GYHG-XC98-001,爆米花机,品牌: VERLY型号: VBG-1608,488,台,五金杂件,,,,,,,,,,,五金杂件,,,,,"=DISPIMG(""ID_10E195F32D1547788E26762507F5BDA2"",1)",,,,,,,,,,62,前厅杂件,HW10-GYHG-XC98-001
62,HW10-GYHG-XF0D-001,迎宾毛巾,,6.3,条,五金杂件,,,,,,,,,,,五金杂件,,,,,"=DISPIMG(""ID_3BAAE637BBAA47E0A03267592D551D03"",1)",,,,,,,,,,63,前厅杂件,HW10-GYHG-XF0D-001
63,HW10-GYHG-X1C6-001,火锅去味水,,17.5,套,五金杂件,,,,,,,,,,,五金杂件,,,,,"=DISPIMG(""ID_DAB7BF77D62449FE819FFBDD71CE5089"",1)",,,,,,,,,,64,前厅杂件,HW10-GYHG-X1C6-001
64,HW10-GYHG-XE01-001,花露水,,46,瓶,五金杂件,,,,,,,,,,,五金杂件,,,,,"=DISPIMG(""ID_958F7ABF3811456E94A1CE55FD00C129"",1)",,,,,,,,,,65,前厅杂件,HW10-GYHG-XE01-001
65,HW10-GYHG-X834-001,一次性纸巾机(湿巾机),,,台,五金杂件,,,,,,,,,,,五金杂件,,,,,"=DISPIMG(""ID_8776D9C175C446449F16FA32E3580A53"",1)",,,,,,,,,,66,前厅杂件,HW10-GYHG-X834-001
66,HW10-GYHG-AZI-001,一次性纸巾（湿巾，柔巾卷）,1选50克30米交叉网,225,件（8卷）,五金杂件,,,,,,,,,,,五金杂件,,,,,"=DISPIMG(""ID_5D3D6DB44B2E4F149477CBDC015E27ED"",1)",,,,,,,,,,67,前厅杂件,HW10-GYHG-AZI-001
67,HW10-GYHG-XEB3-001,台面制冰机,沃拓莱,1099,台,五金杂件,,,,,,,,,,,五金杂件,,,,,"=DISPIMG(""ID_C599EF41804F43BC9A613FBD63AF98E7"",1)",,,,,,,,,,68,前厅杂件,HW10-GYHG-XEB3-001
68,HW10-GYHG-X733-001,醋瓶,,29.8,个,五金杂件,,,,,,,,,,,五金杂件,,,,,"=DISPIMG(""ID_F66BAB085DC34BB184633075ABA9FEBA"",1)",,,,,,,,,,69,前厅杂件,HW10-GYHG-X733-001
69,HW10-GYHG-X558-001,灭蝇灯,,98,个,五金杂件,,,,,,,,,,,五金杂件,,,,,"=DISPIMG(""ID_214F6DC6A6744013AF36BD10662ACD32"",1)",,,,,,,,,,70,前厅杂件,HW10-GYHG-X558-001
70,HW10-GYHG-X4B0-001,纸巾盒,,8.8,个,五金杂件,,,,,,,,,,,五金杂件,,,,,"=DISPIMG(""ID_1F115DBD8B8B47459ED02E66F8B45409"",1)",,,,,,,,,,71,前厅杂件,HW10-GYHG-X4B0-001
71,HW10-GYHG-X2D9-001,小汤勺盒,数量根据多少备餐柜购买,55,个,五金杂件,,,,,,,,,,,五金杂件,,,,,"=DISPIMG(""ID_61F9032DD1354D4C9DD3AF5F696559C5"",1)",,,,,,,,,,72,前厅杂件,HW10-GYHG-X2D9-001
72,HW10-GYHG-X30B-001,收餐车,,95-355,个,五金杂件,,,,,,,,,,,五金杂件,,,,,"=DISPIMG(""ID_1EF4B2FE3AAE4D75BE9479B38FFD6D33"",1)",,,,,,,,,,73,前厅杂件,HW10-GYHG-X30B-001
73,HW10-GYHG-XD42-001,口布,擦杯具,4.8,个,五金杂件,,,,,,,,,,,五金杂件,,,,,"=DISPIMG(""ID_D19F04F4DBE94949A799E9182A2B4AF8"",1)",,,,,,,,,,74,前厅杂件,HW10-GYHG-XD42-001
74,HW10-GYHG-XF06-001,头花,,2.8,个,五金杂件,,,,,,,,,,,五金杂件,,,,,"=DISPIMG(""ID_006B7D244607445D85067D1E9B0706DF"",1)",,,,,,,,,,75,前厅杂件,HW10-GYHG-XF06-001
75,HW10-GYHG-XD06-001,发夹,,6,个,五金杂件,,,,,,,,,,,五金杂件,,,,,"=DISPIMG(""ID_F7295291F6FB4255A9BE96E80AC44E44"",1)",,,,,,,,,,76,前厅杂件,HW10-GYHG-XD06-001
76,HW10-GYHG-XF76-001,大垃圾桶,,,个,五金杂件,,,,,,,,,,,五金杂件,,,,,"=DISPIMG(""ID_6CDE07281406420B9F803BFC4F8179C9"",1)",,,,,,,,,,77,前厅杂件,HW10-GYHG-XF76-001
77,HW10-GYHG-X330-001,橡皮筋,,15.8,包,五金杂件,,,,,,,,,,,五金杂件,,,,,"=DISPIMG(""ID_455F1C0A1A41405181A4D8706DE588CD"",1)",,,,,,,,,,78,前厅杂件,HW10-GYHG-X330-001
78,HW10-GYHG-XFD6-001,圆形托盘,"直径
35cm",37.8,个,五金杂件,,,,,,,,,,,五金杂件,,,,,"=DISPIMG(""ID_C02EF3C8EC0748E692EC89191D2E0F0F"",1)",,,,,,,,,,79,前厅杂件,HW10-GYHG-XFD6-001
79,HW10-GYHG-XDD7-001,湿巾夹,,15.8,个,五金杂件,,,,,,,,,,,五金杂件,,,,,"=DISPIMG(""ID_4E0D5641446F4102A14B2B32BA42F7C7"",1)",,,,,,,,,,80,前厅杂件,HW10-GYHG-XDD7-001
80,HW10-GYHG-X948-001,眼镜布,,,包,五金杂件,,,,,,,,,,,五金杂件,,,,,"=DISPIMG(""ID_89DAF51B07FE4BAE90670B498C1D38EE"",1)",,,,,,,,,,81,前厅杂件,HW10-GYHG-X948-001
81,HW10-GYHG-X173-001,手机套,,1.2,包,五金杂件,,,,,,,,,,,五金杂件,,,,,"=DISPIMG(""ID_41FA83FBCD014B5CA884812D3E01275E"",1)",,,,,,,,,,82,前厅杂件,HW10-GYHG-X173-001
82,HW10-GYHG-X2CE-001,冰桶,,20.9,个,五金杂件,,,,,,,,,,,五金杂件,,,,,"=DISPIMG(""ID_EBCF9CD61BE047BD87081CC0FEF9B52E"",1)",,,,,,,,,,83,前厅杂件,HW10-GYHG-X2CE-001
83,HW10-GYHG-X19E-001,冰桶夹,,5.8,个,五金杂件,,,,,,,,,,,五金杂件,,,,,"=DISPIMG(""ID_15E9E674F4CF48129E64FA8AE8787E4E"",1)",,,,,,,,,,84,前厅杂件,HW10-GYHG-X19E-001
84,HW10-GYHG-X244-001,小垃圾桶,,17,个,五金杂件,,,,,,,,,,,五金杂件,,,,,"=DISPIMG(""ID_D655BEE3C8634DDA9A3CD3FE4F2EC067"",1)",,,,,,,,,,85,前厅杂件,HW10-GYHG-X244-001
85,HW10-GYHG-X412-001,收餐框（白）,,29.7,个,五金杂件,,,,,,,,,,,五金杂件,,,,,"=DISPIMG(""ID_C76CE2869A8349DF8EE1D7260AC1FBDD"",1)",,,,,,,,,,86,前厅杂件,HW10-GYHG-X412-001
86,HW10-GYHG-XC06-001,烟灰缸,,9.8,个,五金杂件,,,,,,,,,,,五金杂件,,,,,"=DISPIMG(""ID_22233B09155A4F5FB6B9300F1A207B9C"",1)",,,,,,,,,,87,前厅杂件,HW10-GYHG-XC06-001
87,HW10-GYHG-X54F-001,加汤壶,2.4L,13,个,五金杂件,,,,,,,,,,,五金杂件,,,,,"=DISPIMG(""ID_FDEDD616C879441B9CC107BED98B9F11"",1)",,,,,,,,,,88,前厅杂件,HW10-GYHG-X54F-001
88,HW10-GYHG-XA4D-001,加汤量杯,300ml,14.8,个,五金杂件,,,,,,,,,,,五金杂件,,,,,"=DISPIMG(""ID_C8AF7F09F09F4E82A8933F4FE4557289"",1)",,,,,,,,,,89,前厅杂件,HW10-GYHG-XA4D-001
89,HW10-GYHG-X891-001,挡汤牌,品牌: 宏发,29.9,个,五金杂件,,,,,,,,,,,五金杂件,,,,,"=DISPIMG(""ID_033980EF8D404B9DADDAAEDB2F9C6B07"",1)",,,,,,,,,,90,前厅杂件,HW10-GYHG-X891-001
90,HW10-GYHG-X8C2-001,桌号牌,,,个,五金杂件,,,,,,,,,,,五金杂件,,,,,"=DISPIMG(""ID_8324A596824F4AB988138A4DE1DBD213"",1)",,,,,,,,,,91,前厅杂件,HW10-GYHG-X8C2-001
91,HW10-GYHG-X16C-001,留位卡,,9.9,个,五金杂件,,,,,,,,,,,五金杂件,,,,,"=DISPIMG(""ID_AB441C64939D44919D35C96D1894BE06"",1)",,,,,,,,,,92,前厅杂件,HW10-GYHG-X16C-001
92,HW10-GYHG-XD6A-001,储物筐,"42*32*50cm
",260,个,五金杂件,,,,,,,,,,,五金杂件,,,,,"=DISPIMG(""ID_74CE6AAC53B84A1A919F38695FDBD982"",1)",,,,,,,,,,93,前厅杂件,HW10-GYHG-XD6A-001
93,HW10-GYHG-X85B-001,婴儿椅,,98,个,五金杂件,,,,,,,,,,,五金杂件,,,,,"=DISPIMG(""ID_32415E5B269B460F823FE5C09E7AFCC8"",1)",,,,,,,,,,94,前厅杂件,HW10-GYHG-X85B-001
94,HW10-GYHG-X1B4-001,婴儿餐具,,18.9,套,五金杂件,,,,,,,,,,,五金杂件,,,,,"=DISPIMG(""ID_F6E21F1A78E44F188BD9385A68898142"",1)",,,,,,,,,,95,前厅杂件,HW10-GYHG-X1B4-001
95,HW10-GYHG-XA2C-001,毛巾盆,,,个,五金杂件,,,,,,,,,,,五金杂件,,,,,"=DISPIMG(""ID_A1B7C83D557A4D0EA45F3DC91F7E0F47"",1)",,,,,,,,,,96,前厅杂件,HW10-GYHG-XA2C-001
96,HW10-GYHG-X721-001,服务毛巾,,12.49,条,五金杂件,,,,,,,,,,,五金杂件,,,,,"=DISPIMG(""ID_C26CB8A48B17474CB69D6E9CDB8B94F4"",1)",,,,,,,,,,97,前厅杂件,HW10-GYHG-X721-001
97,HW10-GYHG-XC03-001,梳子,,15.8,把,五金杂件,,,,,,,,,,,五金杂件,,,,,"=DISPIMG(""ID_0F7EBDE42EDD4AAA95177468D3116647"",1)",,,,,,,,,,98,前厅杂件,HW10-GYHG-XC03-001
98,HW10-GYHG-XE50-001,油脂去污剂,,39,个,五金杂件,,,,,,,,,,,五金杂件,,,,,"=DISPIMG(""ID_E856D43AB0EA417697F0A18B14535E38"",1)",,,,,,,,,,99,前厅杂件,HW10-GYHG-XE50-001
99,HW10-GYHG-XF2B-001,护手液,,,瓶,五金杂件,,,,,,,,,,,五金杂件,,,,,"=DISPIMG(""ID_30DE23C31FC74162BC2151BC74A6D8E5"",1)",,,,,,,,,,100,前厅杂件,HW10-GYHG-XF2B-001
100,HW10-GYHG-X969-001,洁厕灵,,29.9,件,五金杂件,,,,,,,,,,,五金杂件,,,,,"=DISPIMG(""ID_F325D52B833F45ADACB91F18CF86CA51"",1)",,,,,,,,,,101,前厅杂件,HW10-GYHG-X969-001
101,HW10-GYHG-XF7C-001,消毒液,,29.8,件,五金杂件,,,,,,,,,,,五金杂件,,,,,"=DISPIMG(""ID_8451C249CCAB472AB10AD91BDBFD1282"",1)",,,,,,,,,,102,前厅杂件,HW10-GYHG-XF7C-001
102,HW10-GYHG-XDF8-002,喷香液,,90,件,五金杂件,,,,,,,,,,,五金杂件,,,,,"=DISPIMG(""ID_4F5D514F646941A6962735C808AD36A2"",1)",,,,,,,,,,103,前厅杂件,HW10-GYHG-XDF8-002
103,HW10-GYHG-XE06-001,洗手液,,59,件,五金杂件,,,,,,,,,,,五金杂件,,,,,"=DISPIMG(""ID_9CB2CA2D27B643FCA21F5F4DBAE7492D"",1)",,,,,,,,,,104,前厅杂件,HW10-GYHG-XE06-001
104,HW10-GYHG-XEFC-001,刮油板,,0.55,个,五金杂件,,,,,,,,,,,五金杂件,,,,,"=DISPIMG(""ID_E2B822F04F434C0386DADB332181EA7B"",1)",,,,,,,,,,105,前厅杂件,HW10-GYHG-XEFC-001
105,HW10-GYHG-X7A9-001,清洁桶,,28,个,五金杂件,,,,,,,,,,,五金杂件,,,,,"=DISPIMG(""ID_F258F68B30E44A74B76CBC8285C18015"",1)",,,,,,,,,,106,前厅杂件,HW10-GYHG-X7A9-001
106,HW10-GYHG-X04C-001,橡皮手套,,4.2,包,五金杂件,,,,,,,,,,,五金杂件,,,,,"=DISPIMG(""ID_1BAA1D7E492D437CA21600DE580C0612"",1)",,,,,,,,,,107,前厅杂件,HW10-GYHG-X04C-001
107,HW10-GYHG-X369-001,扫把,,4.1,把,五金杂件,,,,,,,,,,,五金杂件,,,,,"=DISPIMG(""ID_543A61FF4CB44D149B5E2FAB9BA900DD"",1)",,,,,,,,,,108,前厅杂件,HW10-GYHG-X369-001
108,HW10-GYHG-X491-001,撮箕,,4.5,把,五金杂件,,,,,,,,,,,五金杂件,,,,,"=DISPIMG(""ID_BC182350E0D043C588846EBDCBA8F766"",1)",,,,,,,,,,109,前厅杂件,HW10-GYHG-X491-001
109,HW10-GYHG-X1BA-001,拖布,,10.8,把,五金杂件,,,,,,,,,,,五金杂件,,,,,"=DISPIMG(""ID_B4B898528D5E4250B1FA21689E407286"",1)",,,,,,,,,,110,前厅杂件,HW10-GYHG-X1BA-001
110,HW10-GYHG-X5B0-001,吸水拖布,,36.9,把,五金杂件,,,,,,,,,,,五金杂件,,,,,"=DISPIMG(""ID_4208A652075C41839EB0F7DD6199FA7B"",1)",,,,,,,,,,111,前厅杂件,HW10-GYHG-X5B0-001
111,HW10-GYHG-X8BA-001,拖布清洁桶,,89,个,五金杂件,,,,,,,,,,,五金杂件,,,,,"=DISPIMG(""ID_BA6CEE1D5E5947D1B79E221C20E8B6CC"",1)",,,,,,,,,,112,前厅杂件,HW10-GYHG-X8BA-001
112,HW10-GYHG-X5CC-001,刮板,,39,个,五金杂件,,,,,,,,,,,五金杂件,,,,,"=DISPIMG(""ID_8F2F209FC71744288613A59B8F429437"",1)",,,,,,,,,,113,前厅杂件,HW10-GYHG-X5CC-001
113,HW10-GYHG-X9C2-001,地刷,,21.9,把,五金杂件,,,,,,,,,,,五金杂件,,,,,"=DISPIMG(""ID_BB15ED2608D54C42BEAD1A297EBAD153"",1)",,,,,,,,,,114,前厅杂件,HW10-GYHG-X9C2-001
114,HW10-GYHG-X3DA-001,保洁毛巾,,12.49,条,五金杂件,,,,,,,,,,,五金杂件,,,,,"=DISPIMG(""ID_A773B7C779FF417C803494162E15B10E"",1)",,,,,,,,,,115,前厅杂件,HW10-GYHG-X3DA-001
115,HW10-GYHG-X4AF-001,传菜方托盘,"55*40cm
",35,个,五金杂件,,,,,,,,,,,五金杂件,,,,,"=DISPIMG(""ID_69A8775952A74CDD886DEC95B3E9E5A6"",1)",,,,,,,,,,116,前厅杂件,HW10-GYHG-X4AF-001
116,HW10-GYHG-X70C-001,小水壶,,169,个,五金杂件,,,,,,,,,,,五金杂件,,,,,"=DISPIMG(""ID_A39F7DBA0DAF45F6B6AE3866ADDD7670"",1)",,,,,,,,,,117,前厅杂件,HW10-GYHG-X70C-001
117,HW10-GYHG-X194-001,插针,,7.2,个,五金杂件,,,,,,,,,,,五金杂件,,,,,"=DISPIMG(""ID_7E67493FD6A145A8B58A0B9D159256D1"",1)",,,,,,,,,,118,前厅杂件,HW10-GYHG-X194-001
118,HW10-GYHG-X752-001,吧铃,,12.6,个,五金杂件,,,,,,,,,,,五金杂件,,,,,"=DISPIMG(""ID_BF023B8645624AF4A9E9AAF8F6C553DB"",1)",,,,,,,,,,119,前厅杂件,HW10-GYHG-X752-001
119,HW10-GYHG-XE09-001,蒜泥机,,39.9,台,五金杂件,,,,,,,,,,,五金杂件,,,,,"=DISPIMG(""ID_529F7174BAC944ABAD7C70FEDD9CE268"",1)",,,,,,,,,,120,前厅杂件,HW10-GYHG-XE09-001
120,HW10-GYHG-X19B-001,传菜毛巾,,0.9,个,五金杂件,,,,,,,,,,,五金杂件,,,,,"=DISPIMG(""ID_855EC63B4EF5419D8480D496BDB87B1B"",1)",,,,,,,,,,121,前厅杂件,HW10-GYHG-X19B-001
121,HW10-GYHG-XB5D-001,木勺子,13CM,0.78,件,五金杂件,,,,,,,,,,,五金杂件,,,,,"=DISPIMG(""ID_C7E0EE4BC42240269AFECF6D84042119"",1)",,,,,,,,,,122,前厅杂件,HW10-GYHG-XB5D-001
122,HW10-GYHG-X600-001,小叉子（2指叉）,,90,件,五金杂件,,,,,,,,,,,五金杂件,,,,,"=DISPIMG(""ID_44391A06741D4C23B58F7F6CDDF94F7F"",1)",,,,,,,,,,123,前厅杂件,HW10-GYHG-X600-001
123,HW10-GYHG-X872-001,小碗,,,个,五金杂件,,,,,,,,,,,五金杂件,,,,,"=DISPIMG(""ID_E52FC54D7E3A42C994559FB9ED5F414E"",1)",,,,,,,,,,124,前厅杂件,HW10-GYHG-X872-001
124,HW10-GYHG-X03D-001,甜品夹子,,8.8,个,五金杂件,,,,,,,,,,,五金杂件,,,,,"=DISPIMG(""ID_38D1D877478B4A62B3C0722237979692"",1)",,,,,,,,,,125,前厅杂件,HW10-GYHG-X03D-001
125,HW10-GYHG-X8FE-001,甜品吸管,,10,件,五金杂件,,,,,,,,,,,五金杂件,,,,,"=DISPIMG(""ID_A18B9D5B8FC9439C82EE284CA94FB2C2"",1)",,,,,,,,,,126,前厅杂件,HW10-GYHG-X8FE-001
126,HW10-GYHG-X99C-001,量杯,大中小1000ml、500ml、100ml,32,套,五金杂件,,,,,,,,,,,五金杂件,,,,,"=DISPIMG(""ID_7CAE35C4D1D849A9BA5F872795D35A76"",1)",,,,,,,,,,127,前厅杂件,HW10-GYHG-X99C-001
127,HW10-GYHG-X777-001,保鲜盒,420*300*150mm,22,个,五金杂件,,,,,,,,,,,五金杂件,,,,,"=DISPIMG(""ID_8EF241F3534949CFA9120BC336F23B94"",1)",,,,,,,,,,128,前厅杂件,HW10-GYHG-X777-001
128,HW10-GYHG-X8F0-001,40不锈钢桶,400mm,40,个,五金杂件,,,,,,,,,,,五金杂件,,,,,"=DISPIMG(""ID_DD2FA5A804BA4AF4815FAB5B67327180"",1)",,,,,,,,,,129,前厅杂件,HW10-GYHG-X8F0-001
129,HW10-GYHG-XB31-001,水果刀,,30,把,五金杂件,,,,,,,,,,,五金杂件,,,,,"=DISPIMG(""ID_5EB92393D19A4A8D83330CEE43892733"",1)",,,,,,,,,,130,前厅杂件,HW10-GYHG-XB31-001
130,HW10-GYHG-X942-001,方形案板,,29.9,个,五金杂件,,,,,,,,,,,五金杂件,,,,,"=DISPIMG(""ID_18DF8151CF4441E6BB2F2CAFF47AC656"",1)",,,,,,,,,,131,前厅杂件,HW10-GYHG-X942-001
131,HW10-GYHG-X038-001,细眼漏瓢,,38.9,个,五金杂件,,,,,,,,,,,五金杂件,,,,,"=DISPIMG(""ID_0F99B4ACCD174D229D10649CC76FFB37"",1)",,,,,,,,,,132,前厅杂件,HW10-GYHG-X038-001
132,HW10-GYHG-X768-001,甜品毛巾,分颜色,12.49,条,五金杂件,,,,,,,,,,,五金杂件,,,,,"=DISPIMG(""ID_0DAE94E65A9245CF9C1A55604E3FF681"",1)",,,,,,,,,,133,前厅杂件,HW10-GYHG-X768-001
133,HW10-GYHG-XA21-001,毛巾刺绣,80*35cm,49.9,条,五金杂件,,,,,,,,,,,五金杂件,,,,,"=DISPIMG(""ID_052F368C62CD43DE8FB65469B7560680"",1)",,,,,,,,,,134,前厅杂件,HW10-GYHG-XA21-001
134,HW10-GYHG-XE96-001,长袍衣服,,68,件,五金杂件,,,,,,,,,,,五金杂件,,,,,"=DISPIMG(""ID_4A484BFAC17643FF935E6D046A32793E"",1)",,,,,,,,,,135,前厅杂件,HW10-GYHG-XE96-001
135,HW10-GYHG-XCFE-001,挂脖烟盒,,260,件,五金杂件,,,,,,,,,,,五金杂件,,,,,"=DISPIMG(""ID_D899FE343A434BEF96914F9388A2B882"",1)",,,,,,,,,,136,前厅杂件,HW10-GYHG-XCFE-001
136,HW10-GYHG-X12D-001,蜡人像（磨刀）,(人像+衣服+道具)定制,,座,五金杂件,,,,,,,,,,,五金杂件,,,,,"=DISPIMG(""ID_6BE2F20EA450441BB44ECFD5463E1A62"",1)",,,,,,,,,,137,前厅杂件,HW10-GYHG-X12D-001
137,HW10-GYHG-X3E7-001,蜡人像（称重）,(人像+衣服+道具)定制,,座,五金杂件,,,,,,,,,,,五金杂件,,,,,"=DISPIMG(""ID_8CD96D3D1D684AA99075BDFBF99A68ED"",1)",,,,,,,,,,138,前厅杂件,HW10-GYHG-X3E7-001
138,HW10-GYHG-XF18-001,蜡人像（保安）,(人像+衣服+道具)定制,,座,五金杂件,,,,,,,,,,,五金杂件,,,,,"=DISPIMG(""ID_F843FB9B731F4DCD9EC1854195B57433"",1)",,,,,,,,,,139,前厅杂件,HW10-GYHG-XF18-001
139,HW10-GYHG-X065-001,酸梅汤原料1,陈皮、甘草、洛神花、干乌梅、山楂（制作酸梅汤料）,,袋,五金杂件,,,,,,,,,,,五金杂件,,,,,"=DISPIMG(""ID_BBB30717116B44079014536C3316A469"",1)",,,,,,,,,,140,前厅杂件,HW10-GYHG-ISYH-001
140,HW10-GYHG-XE8A-001,酸梅汤杯/啤酒杯,,,,五金杂件,,,,,,,,,,,五金杂件,,,,,"=DISPIMG(""ID_446AA369FA154951B482D33867A89CE9"",1)",,,,,,,,,,141,前厅杂件,HW10-GYHG-XE8A-001
141,HW10-GYHG-X222-001,酸梅汤原料2,五彩丝、冰糖杨梅、情人梅、半边梅、乌梅（配料）,,,五金杂件,,,,,,,,,,,五金杂件,,,,,"=DISPIMG(""ID_2880C67F9055493CAE45D5C125BB29F6"",1)",,,,,,,,,,142,前厅杂件,HW10-GYHG-ISIV-001
142,HW10-GYHG-XEBF-001,布丁盒、贴纸,收藏打卡布丁,25.5,,五金杂件,,,,,,,,,,,五金杂件,,,,,"=DISPIMG(""ID_D8CE552EAEAE4C77BE40D95E9E7A7632"",1)",,,,,,,,,,143,前厅杂件,HW10-GYHG-XEBF-001
143,HW10-GYHG-XDE5-001,云南白药创可贴,,40-102,盒,五金杂件,,,,,,,,,,,五金杂件,,,,,"=DISPIMG(""ID_7D9D36FFB10F43F39567645C4D78C672"",1)",,,,,,,,,,144,前厅杂件,HW10-GYHG-XDE5-001
144,HW10-GYHG-XCB4-001,卡通钥匙扣,,10,个,五金杂件,,,,,,,,,,,五金杂件,,,,,"=DISPIMG(""ID_0FD963E4611A41E28BFD3A40E1404E79"",1)",,,,,,,,,,145,前厅杂件,HW10-GYHG-XCB4-001
145,HW10-GYHG-XB89-001,卡通啪啪圈,,16,个,五金杂件,,,,,,,,,,,五金杂件,,,,,"=DISPIMG(""ID_E45FF212EA204B2BA3944C11216F1B81"",1)",,,,,,,,,,146,前厅杂件,HW10-GYHG-XB89-001
146,HW10-GYHG-X47C-001,夏日冰冰贴,,16.9,个,五金杂件,,,,,,,,,,,五金杂件,,,,,"=DISPIMG(""ID_CFBD82940ADE49F79D03A7E41C162C0F"",1)",,,,,,,,,,147,前厅杂件,HW10-GYHG-X47C-001
147,HW10-GYHG-XF59-001,女服务员发箍,,7.8,个,五金杂件,,,,,,,,,,,五金杂件,,,,,"=DISPIMG(""ID_6253F2E557C24B4AAB9860BAA9556D58"",1)",,,,,,,,,,148,前厅杂件,HW10-GYHG-XF59-001
148,HW10-GYHG-XC17-001,菜单展示架,,395,个,五金杂件,,,,,,,,,,,五金杂件,,,,,"=DISPIMG(""ID_82E93E9E588642A1901E214A5EF7038D"",1)",,,,,,,,,,149,前厅杂件,HW10-GYHG-XC17-001
149,KT08-GYHG-X90B-001,三层员工水杯架,"- 采用不锈钢板造,板厚为1.0mm
- 分上中下三层
- 可根据杯子直径制定长度及宽度
- 若不使用嵌入式，可考虑圆管围边",1500,台,厨房设备,,,,,,,1500,250,900,,厨房设备,,,,,"=DISPIMG(""ID_58441DCB09904DBD9E7929143C3EF579"",1)",,,,,,,,,,2,厨房设备,
150,KT08-GYHG-KWX-001,"电热开水器连底座
(380/9KW)","- 开水器型号：SZDK-9A
- 开水器规格：525mm*450mm*950mm
- 功率：380V/9KW
- 容水量：65L
- 配沥水底座1台",1942.857143,台,厨房设备,,,,,,,530,500,1360,,厨房设备,,,,,"=DISPIMG(""ID_160C4FCE71DA4D65ACE6203BC56EB2C7"",1)",,,,,,,,,,3,厨房设备,
151,KT08-GYHG-KGX-001,电子称重台（300KG）,"- 计价单位：公斤
- 使用温度：0-40℃
- 称重重量300KG
- 可插插座充电形式",657.1428571,台,厨房设备,,,,,,,450,600,950,,厨房设备,,,,,"=DISPIMG(""ID_37E463D9FA8348B5B443E2FE688A351A"",1)",,,,,,,,,,4,厨房设备,
152,KT08-GYHG-X003-001,对讲机充电架,,,台,厨房设备,,,,,,,600,150,500,,厨房设备,,,,,,,,,,,,,,,5,厨房设备,
153,KT08-GYHG-QCS-001,高身四门冰箱(双机双温)铜管,"- 箱内温度；冷冻=0℃～-12℃
            冷藏=0℃～10℃
- 容积:836L
- 输入功率:220V/50Hz/390W
- 制冷剂:R134a
- 制冷方式:直冷",4114.285714,台,厨房设备,,,可更改产品品牌,,,,1200,715,1895,,厨房设备,,,,,"=DISPIMG(""ID_DFE7BC649C0345C49B2303E9A2505CBD"",1)",,,,,,,,,,6,厨房设备,
154,KT08-GYHG-XC87-001,燃气高汤炉连柜,"- 采用不锈钢板造,板厚为1.2mm
- 配单冷直管水龙头
- 配鼓风风机
- 无挡水背板
- 配可调节子弹脚
- 火种制、气制和气制",5257.142857,台,厨房设备,,,图片仅供参考；设备尺寸以现场实际尺寸为准；请设备方深化复尺。,,,,800,800,800,,厨房设备,,,,,"=DISPIMG(""ID_2443D0BD09494FD1ABAD0877E3CE9984"",1)",,,,,,,,,,7,厨房设备,
155,KT08-GYHG-X453-001,不锈钢双面岛式烟罩(灯),"- 采用不锈钢板,板厚度为1.0mm
- 配烟罩挡水板、接油杯等
- 中间开洞预留烟罩筒灯位
- 银面白光烟罩筒灯5个",2285.714286,米,厨房设备,,,,,,,L,900,500,,厨房设备,,,,,"=DISPIMG(""ID_2DD7CFD5425A4BBAA9D9D29380AFAA38"",1)",,,,,,,,,,8,厨房设备,
156,KT08-GYHG-X2FC-001,双门平台雪柜(冷藏),"- 箱内温度: -12℃～-6℃
- 容积:380L
- 输入功率:220V/50Hz/300W
- 制冷剂:R134a
- 制冷方式:直冷 ",2657.142857,台,厨房设备,,,图片仅供参考；设备尺寸以现场实际尺寸为准；请设备方深化复尺。,,,,1800,800,800,,厨房设备,,,,,"=DISPIMG(""ID_C90C77C298EF4B4487EA6744DC707B16"",1)",,,,,,,,,,9,厨房设备,
157,KT08-GYHG-XF87-001,双层吊架,"- 采用不锈钢板造,板厚为1.0mm
- 分上下两层，净空高度320mm",885.7142857,台,厨房设备,,,,,,,1800,300,400,,厨房设备,,,,,"=DISPIMG(""ID_728A8F2D4C91462E8009428BB22AA40E"",1)",,,,,,,,,,10,厨房设备,
158,KT08-GYHG-X66D-001,锅架,"- 采用不锈钢板,板厚度为1.0mm
- 每层距离平均分配，共五层
- 每层净空高度365mm
- 底部加固处理     ",2400,台,厨房设备,,,图片仅供参考；设备尺寸以现场实际尺寸为准；请设备方深化复尺。,,,,1200,500,1890,,厨房设备,,,,,"=DISPIMG(""ID_CD915E5D75BF4D2C9C5D72F064E64E90"",1)",,,,,,,,,,11,厨房设备,
159,KT08-GYHG-X0AF-001,挂墙式刀具消毒柜,"- 功率：220V/0.1KW
- 配备十把刀具容量
- 透明亚克力门板
- 净重：8KG
- 臭氧或紫外线杀菌，全身不锈钢机身",1257.142857,台,厨房设备,,,可更改产品品牌,,,,420,210,600,,厨房设备,,,,,"=DISPIMG(""ID_8DF60535EFB346EFACC2861B65541187"",1)",,,,,,,,,,12,厨房设备,
160,KT08-GYHG-XAF0-001,双门平台雪柜(冷藏),"- 箱内温度: -12℃～-6℃
- 容积:380L
- 输入功率:220V/50Hz/300W
- 制冷剂:R134a
- 制冷方式:直冷 ",257.1428571,台,厨房设备,,,图片仅供参考；设备尺寸以现场实际尺寸为准；请设备方深化复尺。,,,,1600,800,800,,厨房设备,,,,,"=DISPIMG(""ID_571D9D117FE942EE9951C9F301AFAE7A"",1)",,,,,,,,,,13,厨房设备,
161,KT08-GYHG-X22C-001,双层挂墙架,"- 采用不锈钢板造,板厚为1.0mm
- 分上下两层，净空高度320mm",885.7142857,台,厨房设备,,,,,,,1600,300,400,,厨房设备,,,,,"=DISPIMG(""ID_6D726718BFA24455A2910028D04FED06"",1)",,,,,,,,,,14,厨房设备,
162,KT08-GYHG-XDA6-001,单星盆连垃圾车(弧形挡水板),"- 型号：YS-SZL
- 功率：380V/50Hz/2*8KW
- 全身不锈钢防水
- 弧形挡水背板
- 净重：50KG
- 炸炉面放置大理石台面",1642.857143,台,厨房设备,,,,,,,800,600,800/250,,厨房设备,,,,,"=DISPIMG(""ID_68007DD5907648A094467E9949713E06"",1)",,,,,,,,,,15,厨房设备,
163,KT08-GYHG-XF3E-001,双层挂墙架,"- 采用不锈钢板造,板厚为1.0mm
- 分上下两层，净空高度320mm",828.5714286,台,厨房设备,,,,,,,600,300,400,,厨房设备,,,,,"=DISPIMG(""ID_F50B3050B8C54A9A8E48FAB920B0D0F4"",1)",,,,,,,,,,16,厨房设备,
164,KT08-GYHG-X6A7-001,双门平台雪柜(冷藏),"- 箱内温度: -12℃～-6℃
- 容积:380L
- 输入功率:220V/50Hz/300W
- 制冷剂:R134a
- 制冷方式:直冷 ",2657.142857,台,厨房设备,,,图片仅供参考；设备尺寸以现场实际尺寸为准；请设备方深化复尺。,,,,1800,800,800,,厨房设备,,,,,"=DISPIMG(""ID_C9BDFA752C3A44698B4BD5CEFC8F2208"",1)",,,,,,,,,,17,厨房设备,
165,KT08-GYHG-X261-001,双层挂墙架,"- 采用不锈钢板造,板厚为1.0mm
- 分上下两层，净空高度320mm",1257.142857,台,厨房设备,,,,,,,1800,300,400,,厨房设备,,,,,"=DISPIMG(""ID_D38700A46EE04985A36F590C769441A1"",1)",,,,,,,,,,18,厨房设备,
166,KT08-GYHG-XC69-001,灭蝇灯,,85.71428571,,厨房设备,,,,,,,,,,,厨房设备,,,,,"=DISPIMG(""ID_0DD5950E0A014E6CB7569FB17C1F3F70"",1)",,,,,,,,,,19,厨房设备,
167,KT08-GYHG-X735-001,单通掀门打荷台,"- 采用不锈钢板造,板厚为1.2mm
- 无挡水背板
- 取消中层板
- 配底层板,板厚为1.2mm
- 配可调节子弹脚
- 配上掀门2扇",2400,台,厨房设备,,,,,,,1800,800,800,,厨房设备,,,,,"=DISPIMG(""ID_BC6B4181041443CAA62C40AB926BA08E"",1)",,,,,,,,,,20,厨房设备,
168,KT08-GYHG-X5B6-001,双层吊架,"- 采用不锈钢板造,板厚为1.0mm
- 分上下两层，净空高度320mm",885.7142857,台,厨房设备,,,,,,,1800,300,400,,厨房设备,,,,,"=DISPIMG(""ID_7F87D62F99504323BF39276424CDCB9D"",1)",,,,,,,,,,21,厨房设备,
169,KT08-GYHG-XFB1-001,嵌入式毛巾消毒架,,971.4285714,,厨房设备,,,,,,,560,200,600,,厨房设备,,,,,"=DISPIMG(""ID_A41B021107A4426CAACDF52A5567F68A"",1)",,,,,,,,,,22,厨房设备,
170,KT08-GYHG-X94A-001,14寸全自动落地式刨片机,"- 型号：SS-A250
- 刀片直径：250mm
- 刀片转速：265转/min
- 切割厚度：0-12mm
- 电机功率：220V/0.26KW
- 整机重量：215",16571.42857,台,厨房设备,,,图片仅供参考；设备尺寸以现场实际尺寸为准；请设备方深化复尺。,,,,1000,740,1480,,厨房设备,,,,,"=DISPIMG(""ID_5F107E41E8A54E6E8AB65DDCBEDC634C"",1)",,,,,,,,,,23,厨房设备,
171,KT08-GYHG-XCDA-001,双门平台雪柜(冷藏),"- 箱内温度: -12℃～-6℃
- 容积:380L
- 输入功率:220V/50Hz/300W
- 制冷剂:R134a
- 制冷方式:直冷 ",2657.142857,台,厨房设备,,,图片仅供参考；设备尺寸以现场实际尺寸为准；请设备方深化复尺。,,,,1500,800,800,,厨房设备,,,,,"=DISPIMG(""ID_7526A04B3BD5470093BBB778FE488996"",1)",,,,,,,,,,24,厨房设备,
172,KT08-GYHG-XEFA-001,双层挂墙架,"- 采用不锈钢板造,板厚为1.0mm
- 分上下两层，净空高度320mm",885.7142857,台,厨房设备,,,,,,,1500,300,400,,厨房设备,,,,,"=DISPIMG(""ID_571E85E3D4A548F381F30553BBD3D366"",1)",,,,,,,,,,25,厨房设备,
173,KT08-GYHG-KGX-002,分体式制冰机(350KG-雪花冰),"- 型号：CL-358F
- 最大日产量：350KG/24H
- 储冰量：105KG
- 功率：220V/50HZ/0.99KW
- 冷凝方式：风冷
- 净重:100Kg",21142.85714,台,厨房设备,,,可更改产品品牌,,,,760,830,1900,,厨房设备,,,,,"=DISPIMG(""ID_678BD37A9DB9425D962ABCEDC294C7DB"",1)",,,,,,,,,,26,厨房设备,
174,KT08-GYHG-X7D8-001,不锈钢工作台开孔,"采用不锈钢板,板厚度为1.2mm
- 配下层平板架/插框架
- 120mm高挡水背板
- 配不锈钢调节子弹脚
",1357.142857,台,厨房设备,,,,,,,1100,1050,850,,厨房设备,,,,,,,,,,,,,,,27,厨房设备,
175,KT08-GYHG-XC03-001,垃圾桶,,,台,厨房设备,,,,,,,直径550,,700,,厨房设备,,,,,,,,,,,,,,,28,厨房设备,
176,KT08-GYHG-KWX-002,即热式电热水器（6KW）,"- 型号：TDR-603TM
- 控制方式：智能触屏
- 功率：220V/6KW
- 适用水压0.02-0.6Mpa
- 产品净重：2.4KG",,台,厨房设备,,,可更改产品品牌,,,,310,210,65,,厨房设备,,,,,"=DISPIMG(""ID_1D148C92AF0846F1959C2856940B42D1"",1)",,,,,,,,,,29,厨房设备,
177,KT08-GYHG-XB6A-001,油水分离一体机(加热),"- 功率：220V/2KW
- 配备独立可提渣篮
",6571.428571,台,厨房设备,,,可更改产品品牌,,,,1000,600,850,,厨房设备,,,,,"=DISPIMG(""ID_ADCC831C67E9482D9671AF0FE4317541"",1)",,,,,,,,,,30,厨房设备,
178,KT08-GYHG-X57C-001,超声波洗碗机,"- 功率：220V/6KW
- 清洗时间：10min
- 耗水量：200L
- 净重：102KG
- 建议选用排水口位于右侧面
- 排水口加大及出水口采用入墙水龙头",3400,台,厨房设备,,,可更改产品品牌,,,,1500,800,800,,厨房设备,,,,,"=DISPIMG(""ID_ECA6EDFCDE744CF5A1804583B7369A26"",1)",,,,,,,,,,31,厨房设备,
179,KT08-GYHG-XB98-001,通道式洗碗机,"- 型号:C44BP
- 洗涤量：203筐/小时
- 耗水量：432升/小时
- 清洗温度：55-65℃/喷淋温度：82-90℃
- 配电量：380V/46KW",68571.42857,台,厨房设备,,,可更改产品品牌,,,,2000,800,1782,,厨房设备,,,,,"=DISPIMG(""ID_7D6871798C354DFCB1BA7A604B439C7A"",1)",,,,,,,,,,32,厨房设备,
180,KT08-GYHG-X3A9-001,不锈钢油网烟罩,"- 采用不锈钢板,板厚度为1.0mm
- 配烟罩挡水板、接油杯等",1714.285714,米,厨房设备,,,,,,,L,900,500,,厨房设备,,,,,"=DISPIMG(""ID_2751DA5834244DC48112625622EAED24"",1)",,,,,,,,,,33,厨房设备,
181,KT08-GYHG-X8B8-001,洁碟台,"- 采用不锈钢板造,板厚为1.2mm
- 120mm高挡水背板/取消中层板

- 配底层板,板厚为1.2mm
- 配可调节子弹脚
",971.4285714,台,厨房设备,,,,,,,750,800,800/120,,厨房设备,,,,,"=DISPIMG(""ID_7A3128E85AB94FD2B399C4F9E7F395D7"",1)",,,,,,,,,,34,厨房设备,
182,KT08-GYHG-XD09-001,锅架,"- 采用不锈钢板,板厚度为1.0mm
- 每层距离平均分配，共五层
- 每层净空高度365mm
- 底部加固处理     ",2400,台,厨房设备,,,图片仅供参考；设备尺寸以现场实际尺寸为准；请设备方深化复尺。,,,,1200,500,1890,,厨房设备,,,,,"=DISPIMG(""ID_32D9BE36EE234933B5D7463377D511F1"",1)",,,,,,,,,,35,厨房设备,
183,KT08-GYHG-XA00-001,高身三门掀门碗柜,"- 采用不锈钢板造,板厚为1.2mm
- 配中层板2件,板厚为1.0mm
- 配底层板1件,板厚为1.0mm
- 配可调节子弹脚
- 配三扇上掀门
- 去脚，土建地台高度130mm",2400,台,厨房设备,,,,,,,1200,500,1800,,厨房设备,,,,,"=DISPIMG(""ID_55D68CB6F419423AB00DB4578D17D706"",1)",,,,,,,,,,36,厨房设备,
184,KT08-GYHG-XEEE-001,燃气单门8盘蒸饭车,"- 门数量：单门，蒸车同时可蒸8盘
- 加热方式：燃气 
- 使用人数：120位
- 天然气耗气量：2(m³/h)
- 容量：(20±2)*2L
- 净重：48KG",3828.571429,台,厨房设备,,,"

图片仅供参考；设备尺寸以现场实际尺寸为准；请设备方深化复尺。",,,,770,700,1350,,厨房设备,,,,,"=DISPIMG(""ID_1AFC4E7CB63C43FF8843A5249DB02B93"",1)",,,,,,,,,,37,厨房设备,
185,KT08-GYHG-X39D-001,炒灶拼台柜,"- 采用不锈钢板造,板厚为1.0mm
- 配底层板,板厚为1.0mm
- 400mm高挡水背板
- 配可调节子弹脚
- 配单扇平开门",885.7142857,台,厨房设备,,,"

图片仅供参考；设备尺寸以现场实际尺寸为准；请设备方深化复尺。",,,,350,800,800/400,,厨房设备,,,,,"=DISPIMG(""ID_0A03DC9FE3174933B679E5E878245BFA"",1)",,,,,,,,,,38,厨房设备,
186,KT08-GYHG-X227-001,燃气单头单尾小炒灶,"- 采用不锈钢板,板厚度为1.2mm
- 配1个单冷摇摆水龙头
- 配高身节能炉头
- 配鼓风风机：220V/250W
- 400mm高挡水背板
- 配可调节子弹脚
- 火种制、气制和气制",3400,台,厨房设备,,,"

图片仅供参考；设备尺寸以现场实际尺寸为准；请设备方深化复尺。",,,,1000,800,800/400,,厨房设备,,,,,"=DISPIMG(""ID_841D31F8BC2F46E8B23B8E4546508547"",1)",,,,,,,,,,39,厨房设备,
187,KT08-GYHG-X066-001,电热双缸双筛炸炉连柜,"- 型号：YS-SZL
- 功率：380V/50Hz/2*8KW
- 全身不锈钢防水
- 无挡水背板
- 净重：50KG
- 炸炉面放置大理石台面",11257.14286,台,厨房设备,,,可更改产品品牌,,,,800,800,800,,厨房设备,,,,,"=DISPIMG(""ID_DA043A19587F4B9FB40BB302C09C8454"",1)",,,,,,,,,,40,厨房设备,
188,KT08-GYHG-X715-001,不锈钢油网烟罩(防爆灯),"- 采用不锈钢板,板厚度为1.0mm
- 配烟罩挡水板、接油杯等
- 配备防火防爆灯2个
- 根据现场定制转角尺寸",2142.857143,米,厨房设备,,,,,,,L,1000,500,,厨房设备,,,,,"=DISPIMG(""ID_A27EED0E053B41CB83989768F3940301"",1)",,,,,,,,,,41,厨房设备,
189,KT08-GYHG-X792-001,不锈钢台面,"采用不锈钢板,板厚度为1.2mm
- 配下层平板架/插框架
- 120mm高挡水背板
- 配不锈钢调节子弹脚
",642.8571429,台,厨房设备,,,,,,,200,800,800,,厨房设备,,,,,,,,,,,,,,,42,厨房设备,
190,KT08-GYHG-XF42-001,双门平台雪柜(冷藏),"- 箱内温度: -12℃～-6℃
- 容积:380L
- 输入功率:220V/50Hz/300W
- 制冷剂:R134a
- 制冷方式:直冷 ",2657.142857,台,厨房设备,,,图片仅供参考；设备尺寸以现场实际尺寸为准；请设备方深化复尺。,,,,1800,800,800,,厨房设备,,,,,"=DISPIMG(""ID_BAF5C32381454C51BB35733851FBB965"",1)",,,,,,,,,,43,厨房设备,
191,KT08-GYHG-X17D-001,双层吊架,"- 采用不锈钢板造,板厚为1.0mm
- 分上下两层，净空高度320mm",885.7142857,台,厨房设备,,,,,,,1800,300,400,,厨房设备,,,,,"=DISPIMG(""ID_18B3D2AA3FC949C1B986790FB34917E8"",1)",,,,,,,,,,44,厨房设备,
192,KT08-GYHG-X578-001,不锈钢隔热封板,"- 采用不锈钢板造,板厚为1.0mm
- 焊接烟罩及炒灶立面,防油便于打扫
- 密封胶采用耐高温、耐腐蚀、不变色",685.7142857,米,厨房设备,,,,,,,H:800mm,,,,厨房设备,,,,,"=DISPIMG(""ID_71652C994C064AE09F02B33D6A52053C"",1)",,,,,,,,,,45,厨房设备,
193,KT08-GYHG-X35E-001,电磁蒸炉,"采用进口IGBT ,性能稳定,寿命更长久；一体成型防水无缝面板，更坚固，更美观，易清洁；聚能超大线盘,火力均匀强劲，能效高达92%以上；人性化三防结构模块设计,有效防水、防油烟、防虫害的浸蚀；独有的超宽电压设计,运行稳定更安全。",1257.142857,台,厨房设备,,,,,,,600,600,250,,厨房设备,,,,,"=DISPIMG(""ID_C4AAF0D1DF4A402AB68D60A910C26244"",1)",,,,,,,,,,46,厨房设备,
194,KT08-GYHG-X286-001,拖把池带背（挂钩）,"- 采用不锈钢板,板厚度为1.2mm
- 配1支单入墙水龙头
- 配星盆盆1套,支架配4个挂钩
- 300mm高挡水背板
- 配可调节子弹脚",1257.142857,台,厨房设备,,,,,,,880,560,500/420,,厨房设备,,,,,"=DISPIMG(""ID_58214396DA4447A2BA9672081E17073A"",1)",,,,,,,,,,47,厨房设备,
195,KT08-GYHG-KGX-003,全自动波轮洗衣机(8KG),"- 型号：MB80ECO1
- 全自动化洗涤
- 洗涤容量：8KG
- 洗涤功率：220V/50HZ/0.4KW
- 产品重量：31KG",,台,厨房设备,,,当地采购,,,,525,515,920,,厨房设备,,,,,"=DISPIMG(""ID_5E4716372D0343B2A4B9A6520B2AA532"",1)",,,,,,,,,,48,厨房设备,
196,KT08-GYHG-KWX-003,排烟风柜-380V/5.5KW(明档),- 该机具有效率高、噪声低、安装方便、运行平稳、流量大、耐高温等特点,8114.285714,台,厨房设备,,,可更改产品品牌,,,,,,,,厨房设备,,,,,"=DISPIMG(""ID_44511FBD21144E52BCD01C257A2187DB"",1)",,,,,,,,,,49,厨房设备,
197,KT08-GYHG-KWX-004,排烟风柜-380V/5.5KW(后厨),- 该机具有效率高、噪声低、安装方便、运行平稳、流量大、耐高温等特点,8114.285714,台,厨房设备,,,可更改产品品牌,,,,,,,,厨房设备,,,,,"=DISPIMG(""ID_4381469E642C4D6288546150FF28CD76"",1)",,,,,,,,,,50,厨房设备,
198,KT08-GYHG-X3CB-001,抽油烟机支架,"- 采用50角钢焊接
- 表面刷防锈漆
- 配减振器4个",928.5714286,项,厨房设备,,,可更改产品品牌,,,,,,,,厨房设备,,,,,"=DISPIMG(""ID_683CB9D494C845E2AFBF2B46184974DE"",1)",,,,,,,,,,51,厨房设备,
199,KT08-GYHG-X5F9-001,风机减振器,"- 国标铸铁外壳
- 内部弹簧钢丝弹性好，强度大
- 底部防滑橡胶脚垫",85.71428571,个,厨房设备,,,可更改产品品牌,,,,,,,,厨房设备,,,,,"=DISPIMG(""ID_5A848B1582B44DF1BEB5FE1E5F8569FB"",1)",,,,,,,,,,52,厨房设备,
200,KT08-GYHG-KWX-005,电子油烟净化器-220V/1KW,"- 采用低空排放方式，油烟净化率达到95%
- 油烟净化器处理风量：25000m³/H",18285.71429,台,厨房设备,,,可更改产品品牌,,,,,,,,厨房设备,,,,,"=DISPIMG(""ID_41D23915C9D140289E19874742D322B4"",1)",,,,,,,,,,53,厨房设备,
201,KT08-GYHG-X227-002,油烟处理器支架,"- 采用50角钢焊接
- 表面刷防锈漆
- 配减振器4个",928.5714286,台,厨房设备,,,可更改产品品牌,,,,,,,,厨房设备,,,,,"=DISPIMG(""ID_993BC18E304846719701A514B0C8878D"",1)",,,,,,,,,,54,厨房设备,
202,KT08-GYHG-X928-001,排烟风柜启动控制箱,- 内配置空开、交流接触器、电动机综合保护器,885.7142857,个,厨房设备,,,可更改产品品牌,,,,,,,,厨房设备,,,,,"=DISPIMG(""ID_35EED38042294E36A168A7B773589E8A"",1)",,,,,,,,,,55,厨房设备,
203,KT08-GYHG-X020-001,防火阀,"- 防火温度250℃
- 直通式通道排烟
- 法兰连接方式",685.7142857,个,厨房设备,,,可更改产品品牌,,,,,,,,厨房设备,,,,,"=DISPIMG(""ID_19C6BE864FB145D5A0A33037139C6682"",1)",,,,,,,,,,56,厨房设备,
204,KT08-GYHG-X525-001,风管软接,- 采用防油帆布制作，具有消除震动的功能,214.2857143,个,厨房设备,,,可更改产品品牌,,,,,,,,厨房设备,,,,,"=DISPIMG(""ID_13A05FBCAF5F4CD8BBCF65DE57E454F2"",1)",,,,,,,,,,57,厨房设备,
205,KT08-GYHG-X7F3-001,抽油烟镀锌管,"- 采用优质镀锌板制作
- 以实际现场安装平方数做结算",185.7142857,平方,厨房设备,,,,,,,,,,,厨房设备,,,,,"=DISPIMG(""ID_17120C0A74F14341B41A3ABB613C5A53"",1)",,,,,,,,,,58,厨房设备,
206,HW10-GYHG-XB90-001,员工饭碗,员工饭碗,,个,五金杂件,,,10,,,,155,7,,,五金杂件,,,,,,,,,,,,,,,2,后厨杂件,
207,HW10-GYHG-XB8C-001,员工水杯,员工水杯,,个,五金杂件,,,10,,,,95,9,,,五金杂件,,,,,,,,,,,,,,,3,后厨杂件,
208,HW10-GYHG-X9E6-001,深不锈钢托盘,员工餐米饭饭盘,,个,五金杂件,,,15,,,,340,490,5,,五金杂件,,,,,,,,,,,,,,,4,后厨杂件,
209,HW10-GYHG-XE53-001,浅不锈钢托盘,员工餐米饭饭盘,,个,五金杂件,,,20,,,,340,490,8,,五金杂件,,,,,,,,,,,,,,,5,后厨杂件,
210,HW10-GYHG-X73D-001,不锈钢盆,员工餐盆,,个,五金杂件,,,10,,,,260,10,8,,五金杂件,,,,,,,,,,,,,,,6,后厨杂件,
211,HW10-GYHG-X48E-001,不锈钢盆,员工餐盆,,个,五金杂件,,,15,,,,380,120,8,,五金杂件,,,,,,,,,,,,,,,7,后厨杂件,
212,HW10-GYHG-X971-001,不锈钢盆,员工餐盆,,个,五金杂件,,,35,,,,530,160,8,,五金杂件,,,,,,,,,,,,,,,8,后厨杂件,
213,HW10-GYHG-X26F-001,蓝色数字方巾,专门放住在台面。做台面清洁,,条,五金杂件,,,5,,,,300,300,,,五金杂件,,,,,,,,,,,,,,,9,后厨杂件,
214,HW10-GYHG-X651-001,棕色数字方巾,做重油、重污垢等清洁卫生,,条,五金杂件,,,5,,,,300,300,,,五金杂件,,,,,,,,,,,,,,,10,后厨杂件,
215,HW10-GYHG-X758-001,白色数字方巾,擦试直接能进食的盘子或者刀具,,条,五金杂件,,,5,,,,300,300,,,五金杂件,,,,,,,,,,,,,,,11,后厨杂件,
216,HW10-GYHG-X427-001,白色毛巾,擦试直接能进食的盘子或者刀具,,条,五金杂件,,,6,,,,300,300,,,五金杂件,,,,,,,,,,,,,,,12,后厨杂件,
217,HW10-GYHG-XC50-001,蓝色毛巾,专门放住在台面。做台面清洁,,条,五金杂件,,,6,,,,350,700,,,五金杂件,,,,,,,,,,,,,,,13,后厨杂件,
218,HW10-GYHG-X9FC-001,毛巾架,挂毛巾,,个,五金杂件,,,,,,,570,,,,五金杂件,,,,,,,,,,,,,,,14,后厨杂件,
219,HW10-GYHG-X363-001,泡菜盆,泡菜盆,,个,五金杂件,,,,,,,5L,,,,五金杂件,,,,,,,,,,,,,,,15,后厨杂件,
220,HW10-GYHG-X749-001,调味盅,盐盅,,个,五金杂件,,,8,,,,140,9.5,,,五金杂件,,,,,,,,,,,,,,,16,后厨杂件,
221,HW10-GYHG-X9B4-001,打蛋器(荣事达）,打蛋器(荣事达）ce,,台,五金杂件,,,,,,,,,,,五金杂件,,,,,,,,,,,,,,,17,后厨杂件,
222,HW10-GYHG-XE88-001,搅拌器(志高）,搅拌器(志高）ce,,台,五金杂件,,,,,,,,,,,五金杂件,,,,,,,,,,,,,,,18,后厨杂件,
223,HW10-GYHG-X2A8-001,十八子片刀,切菜刀,,把,五金杂件,,,65,,,,,,,,五金杂件,,,,,,,,,,,,,,,19,后厨杂件,
224,HW10-GYHG-X891-002,十八子砍刀,砍刀,,把,五金杂件,,,110,,,,,,,,五金杂件,,,,,,,,,,,,,,,20,后厨杂件,
225,HW10-GYHG-X687-001,十八子水果刀,水果刀,,把,五金杂件,,,45,,,,,,,,五金杂件,,,,,,,,,,,,,,,21,后厨杂件,
226,HW10-GYHG-X363-002,剪刀,剪刀,,把,五金杂件,,,10,,,,,,,,五金杂件,,,,,,,,,,,,,,,22,后厨杂件,
227,HW10-GYHG-X2A8-002,刀把套,刀把套红色和绿色,,个,五金杂件,,,65,,,,,,,,五金杂件,,,,,,,,,,,,,,,23,后厨杂件,
228,HW10-GYHG-X8B0-001,削皮刀,削皮,,把,五金杂件,,,3,,,,,,,,五金杂件,,,,,,,,,,,,,,,24,后厨杂件,
229,HW10-GYHG-XAC0-001,磨刀石,磨刀细沙,,个,五金杂件,,,15,,,,,,,,五金杂件,,,,,,,,,,,,,,,25,后厨杂件,
230,HW10-GYHG-X7E0-001,磨刀石,磨刀粗沙,,个,五金杂件,,,15,,,,,,,,五金杂件,,,,,,,,,,,,,,,26,后厨杂件,
231,HW10-GYHG-XD65-001,红色塑料菜墩,生肉类,,个,五金杂件,,,150,,,,430,,,,五金杂件,,,,,,,,,,,,,,,27,后厨杂件,
232,HW10-GYHG-XDED-001,绿色塑料菜墩,蔬菜类,,个,五金杂件,,,150,,,,430,,,,五金杂件,,,,,,,,,,,,,,,28,后厨杂件,
233,HW10-GYHG-XCEE-001,白色塑料菜板,直接食用类，比如刺身，水果,,个,五金杂件,,,45,,,,305,445,,,五金杂件,,,,,,,,,,,,,,,29,后厨杂件,
234,HW10-GYHG-XDB0-001,绿色塑料菜板,蔬菜类,,个,五金杂件,,,45,,,,305,445,,,五金杂件,,,,,,,,,,,,,,,30,后厨杂件,
235,HW10-GYHG-XC33-001,木制菜板,熟食类，卤肉,,个,五金杂件,,,65,,,,590,370,,,五金杂件,,,,,,,,,,,,,,,31,后厨杂件,
236,HW10-GYHG-XFB7-001,切片机,土豆片、藕片等,,台,五金杂件,,,,,,,,,,,五金杂件,,,,,,,,,,,,,,,32,后厨杂件,
237,HW10-GYHG-X0A1-001,绞丝机,绞丝机：土豆丝、青笋丝等,,台,五金杂件,,,150,,,,,,,,五金杂件,,,,,,,,,,,,,,,33,后厨杂件,
238,HW10-GYHG-X0C9-001,不锈钢挂钩,毛巾,,个,五金杂件,,,35,,,,,,,,五金杂件,,,,,,,,,,,,,,,34,后厨杂件,
239,HW10-GYHG-XD5D-001,磨刀棍,磨刀,,个,五金杂件,,,20,,,,,,,,五金杂件,,,,,,,,,,,,,,,35,后厨杂件,
240,HW10-GYHG-XB5A-001,电子台秤,大锅、出菜分量,,台,五金杂件,,,150,,,,30公斤,,,,五金杂件,,,,,,,,,,,,,,,36,后厨杂件,
241,HW10-GYHG-X084-001,电子克称, 称重使用,,台,五金杂件,,,65,,,,2公斤,,,,五金杂件,,,,,,,,,,,,,,,37,后厨杂件,
242,HW10-GYHG-XE0C-001,电子地称,收货称,,台,五金杂件,,,180,,,,150公斤,,,,五金杂件,,,,,,,,,,,,,,,38,后厨杂件,
243,HW10-GYHG-XAE6-001,垃圾桶,厨余垃圾,,个,五金杂件,,,65,,,,50升,,,,五金杂件,,,,,,,,,,,,,,,39,后厨杂件,
244,HW10-GYHG-X616-001,木盆,鹅肠、鸭肠、黄喉、千层 展示盆,,个,五金杂件,,,,,,,500,140,,,五金杂件,,,,,,,,,,,,,,,40,后厨杂件,
245,HW10-GYHG-X7EA-001,炒锅,炒菜,,口,五金杂件,,,40,,,,430,,,,五金杂件,,,,,,,,,,,,,,,41,后厨杂件,
246,HW10-GYHG-XA4E-001,炒锅,炒菜,,口,五金杂件,,,60,,,,530,,,,五金杂件,,,,,,,,,,,,,,,42,后厨杂件,
247,HW10-GYHG-XD34-001,单柄炒锅,炒饭锅,,口,五金杂件,,,38,,,,320,,,,五金杂件,,,,,,,,,,,,,,,43,后厨杂件,
248,HW10-GYHG-XA4D-002,密漏勺,过滤使用,,把,五金杂件,,,10,,,,180,,,,五金杂件,,,,,,,,,,,,,,,44,后厨杂件,
249,HW10-GYHG-XD92-001,密漏勺,过滤使用,,把,五金杂件,,,20,,,,280,,,,五金杂件,,,,,,,,,,,,,,,45,后厨杂件,
250,HW10-GYHG-X039-001,漏勺,漏勺,,把,五金杂件,,,28,,,,280,,,,五金杂件,,,,,,,,,,,,,,,46,后厨杂件,
251,HW10-GYHG-XD82-001,锅铲,锅铲,,把,五金杂件,,,15,,,,2号,,,,五金杂件,,,,,,,,,,,,,,,47,后厨杂件,
252,HW10-GYHG-X605-001,炒勺,炒勺,,把,五金杂件,,,15,,,,2号,,,,五金杂件,,,,,,,,,,,,,,,48,后厨杂件,
253,HW10-GYHG-X0C0-001,长把水勺,水勺,,把,五金杂件,,,25,,,,200,,,,五金杂件,,,,,,,,,,,,,,,49,后厨杂件,
254,HW10-GYHG-XF99-001,油缸,油缸,,个,五金杂件,,,25,,,,250,,,,五金杂件,,,,,,,,,,,,,,,50,后厨杂件,
255,HW10-GYHG-XCCB-001,调味缸,调味缸,,个,五金杂件,,,12,,,,150,9.5,,,五金杂件,,,,,,,,,,,,,,,51,后厨杂件,
256,HW10-GYHG-X0FF-001,不锈钢桶,装汤,,个,五金杂件,,,60,,,,300,,,,五金杂件,,,,,,,,,,,,,,,52,后厨杂件,
257,HW10-GYHG-X8F0-002,不锈钢桶,装汤,,个,五金杂件,,,80,,,,400,,,,五金杂件,,,,,,,,,,,,,,,53,后厨杂件,
258,HW10-GYHG-X98A-001,不锈钢桶,装汤,,个,五金杂件,,,135,,,,500,,,,五金杂件,,,,,,,,,,,,,,,54,后厨杂件,
259,HW10-GYHG-X0E8-001,整理箱,储物存放,,个,五金杂件,,,60,,,,560,430,330,,五金杂件,,,,,,,,,,,,,,,55,后厨杂件,
260,HW10-GYHG-XEBD-001,收餐筐,收餐具,,个,五金杂件,,,18,,,,450,360,140,,五金杂件,,,,,,,,,,,,,,,56,后厨杂件,
261,HW10-GYHG-XC29-001,收纳箱,食材存放,,个,五金杂件,,,48,,,,450,330,280,,五金杂件,,,,,,,,,,,,,,,57,后厨杂件,
262,HW10-GYHG-X848-001,紫外线刀具消毒柜,刀具消毒,,个,五金杂件,,,808,,,,400,600,,,五金杂件,,,,,,,,,,,,,,,58,后厨杂件,
263,HW10-GYHG-XF3A-001,全自动洗衣机,洗员工服、围裙,,台,五金杂件,, ,,,,,,,,,五金杂件,,,,,,,,,,,,,,,59,后厨杂件,
264,HW10-GYHG-XF2F-001,灭蝇灯,灭蝇灯,,个,五金杂件,,,65,,,,,,,,五金杂件,,,,,,,,,,,,,,,60,后厨杂件,
265,HW10-GYHG-X288-001,高压锅,烹饪食材,,口,五金杂件,,,200,,,,300,,,,五金杂件,,,,,,,,,,,,,,,61,后厨杂件,
266,HW10-GYHG-XCF6-001,电饭煲,煮大米饭,,口,五金杂件,,,260,,,,5.0L,,,,五金杂件,,,,,,,,,,,,,,,62,后厨杂件,
267,HW10-GYHG-X8AE-001,保温桶,食材保温,,口,五金杂件,,,150,,,,10L,,,,五金杂件,,,,,,,,,,,,,,,63,后厨杂件,
268,HW10-GYHG-X8BD-001,微波炉,烹饪 食材，加热食材,,台,五金杂件,,,350,,,,,,,,五金杂件,,,,, ,,,,,,,,,,64,后厨杂件,
269,HW10-GYHG-XC2C-001,干冰桶,装干冰,,把,五金杂件,,,180,,,,10斤装,,,,五金杂件,,,,,,,,,,,,,,,65,后厨杂件,
270,HW10-GYHG-XB59-001,电子钟,看时间,,个,五金杂件,,,,,,,,,,,五金杂件,,,,,,,,,,,,,,,66,后厨杂件,
271,HW10-GYHG-X917-001,长柄双钩肉钩,深桶捞挂食材,,把,五金杂件,,,15,,,,,,,,五金杂件,,,,,,,,,,,,,,,67,后厨杂件,
272,HW10-GYHG-X72A-001,挂钩肉钩,挂物品，或者食材,,个,五金杂件,,,10,,,,350,,,,五金杂件,,,,,,,,,,,,,,,68,后厨杂件,
273,HW10-GYHG-X817-001,喷壶,装洗洁精，桌子清洁,,个,五金杂件,,,10,,,,,,,,五金杂件,,,,,,,,,,,,,,,69,后厨杂件,
274,HW10-GYHG-X6B3-001,油刷,8秒牛肉菜品,,个,五金杂件,,,10,,,,中号,,,,五金杂件,,,,,,,,,,,,,,,70,后厨杂件,
275,HW10-GYHG-XFB0-001,保鲜膜,备菜使用,,件,五金杂件,,,150,,,,350,,,,五金杂件,,,,,,,,,,,,,,,71,后厨杂件,
276,HW10-GYHG-X089-001,保鲜膜,备菜使用,,件,五金杂件,,,180,,,,450,,,,五金杂件,,,,,,,,,,,,,,,72,后厨杂件,
277,HW10-GYHG-XF5F-001,保鲜袋,分装食材,,件,五金杂件,,,200,,,,350,450,,,五金杂件,,,,,,,,,,,,,,,73,后厨杂件,
278,HW10-GYHG-X571-001,量杯,加汤量杯,,个,五金杂件,,,15,,,,5000ml,,,,五金杂件,,,,,,,,,,,,,,,74,后厨杂件,
279,HW10-GYHG-X7D6-001,量杯,加汤量杯,,个,五金杂件,,,10,,,,2400ml,,,,五金杂件,,,,,,,,,,,,,,,75,后厨杂件,
280,HW10-GYHG-XFCD-001,量杯,加汤量杯,,个,五金杂件,,,8,,,,2000ml,,,,五金杂件,,,,,,,,,,,,,,,76,后厨杂件,
281,HW10-GYHG-XB9F-001,量杯,加汤量杯,,个,五金杂件,,,6,,,,1000ml,,,,五金杂件,,,,,,,,,,,,,,,77,后厨杂件,
282,HW10-GYHG-XFB7-002,量杯,加汤量杯,,个,五金杂件,,,5,,,,500ml,,,,五金杂件,,,,,,,,,,,,,,,78,后厨杂件,
283,HW10-GYHG-XF6A-001,果酱壶,甜品使用,,个,五金杂件,,,5,,,,500ml,,,,五金杂件,,,,,,,,,,,,,,,79,后厨杂件,
284,HW10-GYHG-X9DC-001,雪克杯,饮品制作,,个,五金杂件,,,25,,,,500ml,,,,五金杂件,,,,,,,,,,,,,,,80,后厨杂件,
285,HW10-GYHG-X017-001,雪克杯,饮品制作,,个,五金杂件,,,28,,,,1000ml,,,,五金杂件,,,,,,,,,,,,,,,81,后厨杂件,
286,HW10-GYHG-XA6D-001,捣碎棒,饮品制作,,个,五金杂件,,,20,,,,400,,,,五金杂件,,,,,,,,,,,,,,,82,后厨杂件,
287,HW10-GYHG-XF17-001,杯刷,刷杯子,,个,五金杂件,,,5,,,,,,,,五金杂件,,,,,,,,,,,,,,,83,后厨杂件,
288,HW10-GYHG-X8CB-001,保温箱,冰块存放,,个,五金杂件,,,380,,,,50L,,,,五金杂件,,,,,,,,,,,,,,,84,后厨杂件,
289,HW10-GYHG-X757-001,单签,档口插单器,,个,五金杂件,,,15,,,,,,,,五金杂件,,,,,,,,,,,,,,,85,后厨杂件,
290,HW10-GYHG-XD81-001,手术手套,后厨粗加工使用,,件,五金杂件,,,180,,,,大，中，小号,,,,五金杂件,,,,,,,,,,,,,,,86,后厨杂件,
291,HW10-GYHG-XFFC-001,线手套,维修物品需要使用,,包,五金杂件,,,15,,,, ,,,,五金杂件,,,,,,,,,,,,,,,87,后厨杂件,
292,HW10-GYHG-XFD2-001,橡胶防水手套,洗碗,,双,五金杂件,,,15,,,,,,,,五金杂件,,,,,,,,,,,,,,,88,后厨杂件,
293,HW10-GYHG-X926-001,防水围裙,洗碗岗使用,,条,五金杂件,,,15,,,,,,,,五金杂件,,,,,,,,,,,,,,,89,后厨杂件,
294,HW10-GYHG-X0D6-001,定制布围裙,防溅水,,条,五金杂件,,,15,,,,,,,,五金杂件,,,,,,,,,,,,,,,90,后厨杂件,
295,HW10-GYHG-X267-001,防水袖套,洗碗岗使用,,双,五金杂件,,,15,,,,,,,,五金杂件,,,,,,,,,,,,,,,91,后厨杂件,
296,HW10-GYHG-X361-001,防滑水鞋,洗碗岗使用,,双,五金杂件,,,28,,,,,,,,五金杂件,,,,,,,,,,,,,,,92,后厨杂件,
297,HW10-GYHG-X034-001,美工刀,前厅、后厨、库管员工使用,,把,五金杂件,,,10,,,,,,,,五金杂件,,,,,,,,,,,,,,,93,后厨杂件,
298,HW10-GYHG-X661-001,记号笔,前厅、后厨、库管员工使用,,盒,五金杂件,,,20,,,,,,,,五金杂件,,,,,,,,,,,,,,,94,后厨杂件,
299,HW10-GYHG-X1D0-001,百洁布,卫生清洁,,包,五金杂件,,,38,,,,,,,,五金杂件,,,,,,,,,,,,,,,95,后厨杂件,
300,HW10-GYHG-X564-001,钢丝球,卫生清洁,,包,五金杂件,,,10,,,,,,,,五金杂件,,,,,,,,,,,,,,,96,后厨杂件,
301,HW10-GYHG-XE64-001,锅刷,刷锅,,把,五金杂件,,,5,,,,,,,,五金杂件,,,,,,,,,,,,,,,97,后厨杂件,
302,HW10-GYHG-X1D2-001,点火器,点燃气灶,,把,五金杂件,,,5,,,,,,,,五金杂件,,,,,,,,,,,,,,,98,后厨杂件,
303,HW10-GYHG-XA1B-001,纱布,食材遮盖,,米,五金杂件,,,5,,,,,,,,五金杂件,,,,,,,,,,,,,,,99,后厨杂件,
304,HW10-GYHG-X2C5-001,煲鱼袋,卤水使用,,板,五金杂件,,,15,,,,140,180,,,五金杂件,,,,,,,,,,,,,,,100,后厨杂件,
305,HW10-GYHG-XEE6-001,不锈钢香料笼,卤水使用,,个,五金杂件,,,25,,,,180,180,,,五金杂件,,,,,,,,,,,,,,,101,后厨杂件,
306,HW10-GYHG-X76A-001,亚克力水果盒,装水果,,个,五金杂件,,,28,,,,320,260,190,,五金杂件,,,,,,,,,,,,,,,102,后厨杂件,
307,HW10-GYHG-XDE8-001,不锈钢盆,食材存放,,个,五金杂件,,,25,,,,320,260,190,,五金杂件,,,,,,,,,,,,,,,103,后厨杂件,
308,HW10-GYHG-XEAD-001,不锈钢盆,食材存放,,个,五金杂件,,,20,,,,100,150,,,五金杂件,,,,,,,,,,,,,,,104,后厨杂件,
309,HW10-GYHG-X5E9-001,奶枪,甜品使用,,个,五金杂件,,,180,,,,,,,,五金杂件,,,,,,,,,,,,,,,105,后厨杂件,
310,HW10-GYHG-XB65-001,奶油发泡剂,甜品使用,,件,五金杂件,,,,,,,,,,,五金杂件,,,,,,,,,,,,,,,106,后厨杂件,
311,HW10-GYHG-X227-001,竹签,串小郡肝、鸡脚筋、掌中宝,,件,五金杂件,,,100,,,,300,,,,五金杂件,,,,,,,,,,,,,,,107,后厨杂件,
312,HW10-GYHG-X5A4-001,关东煮竹签,穿食材,,件,五金杂件,,,450,,,,180,,,,五金杂件,,,,,,,,,,,,,,,108,后厨杂件,
313,HW10-GYHG-XD1F-001,泡菜坛,泡菜,,口,五金杂件,,,150,,,,55斤装,,,,五金杂件,,,,,,,,,,,,,,,109,后厨杂件,
314,HW10-GYHG-X639-001,员工餐筷子,员工餐筷子,,双,五金杂件,,,2,,,,240,,,,五金杂件,,,,,,,,,,,,,,,110,后厨杂件,
315,HW10-GYHG-X4E0-001,塑料筐,鲜货使用,,个,五金杂件,,,12,,,,500,400,,,五金杂件,,,,,,,,,,,,,,,111,后厨杂件,
316,HW10-GYHG-X3A6-002,塑料筐,鲜货使用,,个,五金杂件,,,10,,,,440,340,,,五金杂件,,,,,,,,,,,,,,,112,后厨杂件,
317,HW10-GYHG-X222-002,塑料筐,鲜货使用,,个,五金杂件,,,8,,,,400,300,,,五金杂件,,,,,,,,,,,,,,,113,后厨杂件,
318,HW10-GYHG-X86C-001,保鲜盒,存放食材,,个,五金杂件,,,18,,,,大号,,,,五金杂件,,,,,,,,,,,,,,,114,后厨杂件,
319,HW10-GYHG-X8B7-001,保鲜盒,存放食材,,个,五金杂件,,,16,,,,中号,,,,五金杂件,,,,,,,,,,,,,,,115,后厨杂件,
320,HW10-GYHG-XA4A-001,保鲜盒,存放食材,,个,五金杂件,,,10,,,,小号,,,,五金杂件,,,,,,,,,,,,,,,116,后厨杂件,
321,HW10-GYHG-XA32-001,地刮,地刮,,把,五金杂件,,,28,,,,,,,,五金杂件,,,,,,,,,,,,,,,117,后厨杂件,
322,HW10-GYHG-X351-001,排拖,拖地,,把,五金杂件,,,30,,,,,,,,五金杂件,,,,,,,,,,,,,,,118,后厨杂件,
323,HW10-GYHG-X86F-001,扫把,扫地,,把,五金杂件,,,25,,,,,,,,五金杂件,,,,,,,,,,,,,,,119,后厨杂件,
324,HW10-GYHG-X387-001,地刷,刷地,,把,五金杂件,,,5,,,,,,,,五金杂件,,,,,,,,,,,,,,,120,后厨杂件,
325,HW10-GYHG-XFD9-001,网帽,进入后厨使用,,包,五金杂件,,,10,,,,,,,,五金杂件,,,,,,,,,,,,,,,121,后厨杂件,
326,HW10-GYHG-X9F1-001,添加剂专用柜,放添加剂专用,,个,五金杂件,,,,,,,400,350,300,,五金杂件,,,,,,,,,,,,,,,122,后厨杂件,
327,HW10-GYHG-X1B4-002,手机置放箱,放手机手机,,个,五金杂件,,,,,,,,,,,五金杂件,,,,,,,,,,,,,,,123,后厨杂件,
328,HW10-GYHG-X5B2-001,密封罐,存放食材,,个,五金杂件,,,,,,,100,110,,,五金杂件,,,,,,,,,,,,,,,124,后厨杂件,
329,KT08-GYHG-X8A2-001,竹筒,,,个,锅具,,,,,,,120,90,,,锅具,,,,,,,,,,,,,,,2,后厨餐具,
330,KT08-GYHG-X715-002,三大炮,,,个,锅具,,,,,,,,,,,锅具,,,,,"=DISPIMG(""ID_F86F8EE692BD49B49FADD3F31CD062AF"",1)",,,,,,,,,,3,后厨餐具,
331,KT08-GYHG-X69F-001,鸳鸯锅,,,口,锅具,,,,,,,340,,,,锅具,,,,,"=DISPIMG(""ID_F768D5A7B07A44779F25197D759619FC"",1)",,,,,,,,,,4,后厨餐具,
332,KT08-GYHG-XFC6-001,鸳鸯锅,,,口,锅具,,,,,,,360,,,,锅具,,,,,"=DISPIMG(""ID_582BED513E3D45B099193B121E6516C3"",1)",,,,,,,,,,5,后厨餐具,
333,KT08-GYHG-X1B1-001,鸳鸯锅,,,口,锅具,,,,,,,380,,,,锅具,,,,,"=DISPIMG(""ID_091AC2DAE30346F2B9A087CB1E0900CE"",1)",,,,,,,,,,6,后厨餐具,
334,KT08-GYHG-X212-001,红锅,,,口,锅具,,,,,,,340,,,,锅具,,,,,"=DISPIMG(""ID_7252EF46560441EBBDED6CA39EC7EDE7"",1)",,,,,,,,,,7,后厨餐具,
335,KT08-GYHG-XF27-001,红锅,,,口,锅具,,,,,,,360,,,,锅具,,,,,"=DISPIMG(""ID_B6CF4A4D0E524A898CF0477CD12B4398"",1)",,,,,,,,,,8,后厨餐具,
336,KT08-GYHG-X46B-001,红锅,,,口,锅具,,,,,,,380,,,,锅具,,,,,"=DISPIMG(""ID_C3A84279FDD34047BF3C88C420139C0B"",1)",,,,,,,,,,9,后厨餐具,
337,KT08-GYHG-XD52-001,红锅,,,口,锅具,,,,,,,400,,,,锅具,,,,,"=DISPIMG(""ID_D5572132C92D487D899B3C3B6C2F442B"",1)",,,,,,,,,,10,后厨餐具,
338,KT08-GYHG-X127-001,蒸笼,,,个,锅具,,,,,,,150,60,,,锅具,,,,,"=DISPIMG(""ID_4EA3714179744FBCB28805665E511DDC"",1)",,,,,,,,,,11,后厨餐具,
339,KT08-GYHG-X0C0-001,竹笼,,,个,锅具,,,,,,,115,90,,,锅具,,,,,"=DISPIMG(""ID_5F541A206EC64C44A7D8E1D3B0CDFD3D"",1)",,,,,,,,,,12,后厨餐具,
340,KT08-GYHG-X8E9-001,蒸碟盘,,,个,锅具,,,,,,,120,90,,,锅具,,,,,"=DISPIMG(""ID_49EBA8C21CF64073A289A86F7CA86FCD"",1)",,,,,,,,,,13,后厨餐具,
341,KT08-GYHG-XB9F-001,元宝盘,,,个,锅具,,,,,,,,,,,锅具,,,,,"=DISPIMG(""ID_5E7F10B62E0342B5A683041A8D325EDF"",1)",,,,,,,,,,14,后厨餐具,
342,KT08-GYHG-XB3D-001,牛肉三拼盘架,,,个,锅具,,,,,,,230,300,,,锅具,,,,,"=DISPIMG(""ID_F57A3187D2844AA18B88B164C465EFDF"",1)",,,,,,,,,,15,后厨餐具,
343,KT08-GYHG-X406-001,牛肉三拼盘（小）,,,个,锅具,,,,,,,340,,,,锅具,,,,,"=DISPIMG(""ID_B966CD260684418AA4BAE3C86DF705ED"",1)",,,,,,,,,,16,后厨餐具,
344,KT08-GYHG-X13B-001,牛肉三拼盘（大）,,,个,锅具,,,,,,,400,,,,锅具,,,,,"=DISPIMG(""ID_17EC38FF81D344728A4D6ACC0FD5DDA6"",1)",,,,,,,,,,17,后厨餐具,
345,KT08-GYHG-X58C-001,小竹帽,,,个,锅具,,,,,,,45,90,,,锅具,,,,,"=DISPIMG(""ID_0567E10E3F194CD9B662AA258A4AE859"",1)",,,,,,,,,,18,后厨餐具,
346,KT08-GYHG-XB3C-001,大木托,,,个,锅具,,,,,,,225,225,,,锅具,,,,,,,,,,,,,,,19,后厨餐具,
347,KT08-GYHG-X804-001,小木托,,,个,锅具,,,,,,,170,170,,,锅具,,,,,"=DISPIMG(""ID_C907F30954D941CEB2F8423AACE768A5"",1)",,,,,,,,,,20,后厨餐具,
348,KT08-GYHG-XD03-001,长木托,,,个,锅具,,,,,,,275,175,,,锅具,,,,,"=DISPIMG(""ID_76DD0F11EC1C49E4B594B06AA17E0E12"",1)",,,,,,,,,,21,后厨餐具,
349,KT08-GYHG-XB93-001,长木托,,,个,锅具,,,,,,,360,180,,,锅具,,,,,"=DISPIMG(""ID_EF7B83E794084856BA0E64CB59BB4999"",1)",,,,,,,,,,22,后厨餐具,
350,KT08-GYHG-X614-001,竹帽,,,个,锅具,,,,,,,190,,,,锅具,,,,,"=DISPIMG(""ID_8B3B25FDEF1C492D8FE31DFA293B4860"",1)",,,,,,,,,,23,后厨餐具,
351,KT08-GYHG-XC78-001,莲花盘,,,个,锅具,,,,,,,290,,,,锅具,,,,,"=DISPIMG(""ID_F6A40BC0390D41CFAE6B8A83D3D9D61D"",1)",,,,,,,,,,24,后厨餐具,
352,KT08-GYHG-X4F9-001,白瓷盘,,,个,锅具,,,,,,,16,,,,锅具,,,,,,,,,,,,,,,25,后厨餐具,
353,KT08-GYHG-X035-001,三宝桶,,,个,锅具,,,,,,,160,90,,,锅具,,,,,"=DISPIMG(""ID_B15004A27DD24A73A8106661ECBA880A"",1)",,,,,,,,,,26,后厨餐具,
354,KT08-GYHG-X349-001,花生苗桶,,,个,锅具,,,,,,,100,90,,,锅具,,,,,"=DISPIMG(""ID_96FBF75136EE48D7946420C7261580E3"",1)",,,,,,,,,,27,后厨餐具,
355,KT08-GYHG-X41F-001,筲箕,,,个,锅具,,,,,,,180,170,,,锅具,,,,,"=DISPIMG(""ID_9E5EE99ACA0A4F88A94186A7EB3C7F18"",1)",,,,,,,,,,28,后厨餐具,
356,KT08-GYHG-X8CA-001,虾滑勺,,,把,锅具,,,,,,,155,,,,锅具,,,,,,,,,,,,,,,29,后厨餐具,
357,KT08-GYHG-X2E9-001,红色平盘,,,个,锅具,,,,,,,250,150,,,锅具,,,,,"=DISPIMG(""ID_C198F036A03E471783747C6D9D12A98E"",1)",,,,,,,,,,30,后厨餐具,
358,KT08-GYHG-XCA6-001,黑色平盘,,,个,锅具,,,,,,,250,150,,,锅具,,,,,"=DISPIMG(""ID_E141093906004CD7BD555C438A84EFD4"",1)",,,,,,,,,,31,后厨餐具,
359,KT08-GYHG-X26D-001,小方斗,,,个,锅具,,,,,,,150,,,,锅具,,,,,"=DISPIMG(""ID_DC99D1F9BEF446B7B0D0E2FC48492AAD"",1)",,,,,,,,,,32,后厨餐具,
360,KT08-GYHG-X5F2-001,大方斗,,,个,锅具,,,,,,,200,,,,锅具,,,,,"=DISPIMG(""ID_62446FF0C2204F16B0653D99D0FF2231"",1)",,,,,,,,,,33,后厨餐具,
361,KT08-GYHG-XA31-001,长平盘,,,个,锅具,,,,,,,315,120,,,锅具,,,,,"=DISPIMG(""ID_5CD3EF7CBEBB42EA828124C0C4CBAFA4"",1)",,,,,,,,,,34,后厨餐具,
362,KT08-GYHG-X693-001,雪花牛肉盘,,,个,锅具,,,,,,,24.5,36,,,锅具,,,,,"=DISPIMG(""ID_4578B8AE042240F7A4CE57C1B44F7E96"",1)",,,,,,,,,,35,后厨餐具,
363,KT08-GYHG-XD16-001,长平盘,,,个,锅具,,,,,,,33.5,16,,,锅具,,,,,"=DISPIMG(""ID_33EFB6156B6C4726A7178286DCD732D9"",1)",,,,,,,,,,36,后厨餐具,
364,KT08-GYHG-XB68-001,铜盅,,,个,锅具,,,,,,,0.85,14,,,锅具,,,,,,,,,,,,,,,37,后厨餐具,
365,KT08-GYHG-X838-001,小红碗,,,个,锅具,,,,,,,0.5,10,,,锅具,,,,,"=DISPIMG(""ID_EE59D76D56034859B6FE5023726A82A6"",1)",,,,,,,,,,38,后厨餐具,
366,KT08-GYHG-XD35-001,小瓷碗,,,个,锅具,,,,,,,0.8,,,,锅具,,,,,"=DISPIMG(""ID_BF510EA88D0440B593FF25F05D4D746F"",1)",,,,,,,,,,39,后厨餐具,
367,KT08-GYHG-XE72-001,纸船盒,,,个,锅具,,,,,,,17,11.5,,,锅具,,,,,"=DISPIMG(""ID_6D9AC9B6280B4F5D8D97D6E273EAF65A"",1)",,,,,,,,,,40,后厨餐具,
368,KT08-GYHG-X6CC-001,炒饭盘,,,个,锅具,,,,,,,18,,,,锅具,,,,,"=DISPIMG(""ID_1E5EFD68F247452D84D0CF0BA4334345"",1)",,,,,,,,,,41,后厨餐具,
369,KT08-GYHG-X566-001,干碟盘,,,个,锅具,,,,,,,15,,,,锅具,,,,,"=DISPIMG(""ID_43014A3650A2423894A5D90B7ECEC217"",1)",,,,,,,,,,42,后厨餐具,
370,KT08-GYHG-X643-001,果盘（鸡豆花）,,,个,锅具,,,,,,,18,,,,锅具,,,,,"=DISPIMG(""ID_92B5D4F52D424B9CBCFDD9DA3099F3FF"",1)",,,,,,,,,,43,后厨餐具,
371,KT08-GYHG-XD9A-001,圆平盘,,,个,锅具,,,,,,,23,,,,锅具,,,,,"=DISPIMG(""ID_9620B9BCCDD14D6ABC3B7F74CC4974B2"",1)",,,,,,,,,,44,后厨餐具,
372,KT08-GYHG-XFBE-001,双格蝶,,,个,锅具,,,,,,,13.5,0.9,,,锅具,,,,,"=DISPIMG(""ID_C23E760BF5474B89B28EBDEC9306553D"",1)",,,,,,,,,,45,后厨餐具,
373,KT08-GYHG-X148-001,小熊猫,,,个,锅具,,,,,,,0.4,,,,锅具,,,,,"=DISPIMG(""ID_B10CF66A58024BDAAC4D4C1E11807C90"",1)",,,,,,,,,,46,后厨餐具,
374,KT08-GYHG-XD4C-001,干冰壶,,,个,锅具,,,,,,,0.6,,,,锅具,,,,,"=DISPIMG(""ID_3BBB5F90A6A24877B5D03EC79C8DAA30"",1)",,,,,,,,,,47,后厨餐具,
375,KT08-GYHG-XCC3-001,密胺长平,,,个,锅具,,,,,,,260,120,,,锅具,,,,,"=DISPIMG(""ID_BBEE1E1F4B08476785682FCA0D3C49FB"",1)",,,,,,,,,,48,后厨餐具,
376,KT08-GYHG-X47B-001,长平木托,,,个,锅具,,,,,,,285,140,40,,锅具,,,,,"=DISPIMG(""ID_1B040D91A6A942E18CB993EE74DCC467"",1)",,,,,,,,,,49,后厨餐具,
377,KT08-GYHG-XBDE-001,簸箕,,,个,锅具,,,,,,,230,,,,锅具,,,,,,,,,,,,,,,50,后厨餐具,
378,KT08-GYHG-XB1D-001,电磁炉,10A*3000W,,个,锅具,,,,,,,90,328,,,锅具,,,,,"=DISPIMG(""ID_AFEFBBE918724BA0B7A65C3C3824C2FE"",1)",,,,,,,,,,51,后厨餐具,
379,KT08-GYHG-X000-001,小勺子,定制陶瓷厚边,,个,锅具,,,,,,,,,,,锅具,,,,,"=DISPIMG(""ID_3F5FCD3A2C0F4E6ABAFE9EDE69F426B7"",1)",,,,,,,,,,52,后厨餐具,
380,KT08-GYHG-XFBB-001,油碟碗,,,个,锅具,,,,,,,125,50,,,锅具,,,,,"=DISPIMG(""ID_0062440E96E044D7A84921BD127E9946"",1)",,,,,,,,,,53,后厨餐具,
381,KT08-GYHG-X6FE-001,茶杯,,,个,锅具,,,,,,,75,75,70,,锅具,,,,,"=DISPIMG(""ID_47EDDDD2651D4150B1D4E570B09C57BA"",1)",,,,,,,,,,54,后厨餐具,
382,KT08-GYHG-X73C-001,筷子,,,个,锅具,,,,,,,320,,,,锅具,,,,,"=DISPIMG(""ID_468FC4F48C73433D8D8E4A7A015BCE4B"",1)",,,,,,,,,,55,后厨餐具,
383,KT08-GYHG-X251-001,锅底汤勺,定制 ,,个,锅具,,,,,,,,,,,锅具,,,,,"=DISPIMG(""ID_87F7C573B97243DBACC231ADD4E2D5B5"",1)",,,,,,,,,,56,后厨餐具,
384,KT08-GYHG-X6D1-001,锅底漏勺,定制 ,,个,锅具,,,,,,,,,,,锅具,,,,,"=DISPIMG(""ID_97C9AD31B31D4FF38355F47FE827002F"",1)",,,,,,,,,,57,后厨餐具,
385,HW10-GYHG-X1A9-001,虾滑专用勺,"15.2cm长圆冰勺
颜色：304金色",,个,五金杂件,,,,,,,152,,,,五金杂件,,,304不锈钢,,"=DISPIMG(""ID_B97CC58CDA7D48EA890E676DCBFC5BC9"",1)",,,,,,,,,,2,定制杂件,
386,HW10-GYHG-X633-001,虾滑专用盒,80个/件,,件,五金杂件,,,,,,,40,95,,,五金杂件,,,,,"=DISPIMG(""ID_B00768D26BB4411ABA6C8F5EC0D30B0B"",1)",,,,,,,,,,3,定制杂件,
387,HW10-GYHG-X9DE-001,三拼牛肉拼盘标识贴,"大：140*140mm
小：117*117mm",,个,五金杂件,,,,,,,140,140,,,五金杂件,,,,,"=DISPIMG(""ID_26C229E424524881843986EB1874E396"",1)",,,,,,,,,,4,定制杂件,
388,HW10-GYHG-XC81-001,饮品杯贴纸/杯套,,,件,五金杂件,,,,,,,,,,,五金杂件,,,,,"=DISPIMG(""ID_3B137B2311E748F9B66F0E2AE7A2BC6A"",1)",,,,,,,,,,5,定制杂件,
389,HW10-GYHG-X2C4-001,定制垃圾清洁盒,起订1千个,,个,五金杂件,,,,,,,,,,,五金杂件,,,,,"=DISPIMG(""ID_0A189CB0ED6B437E9DA644C8CC5EDE5E"",1)",,,,,,,,,,6,定制杂件,
390,HW10-GYHG-X5F4-001,大号透明花瓣碗,口径14cm，高6cm，300ml,,个,五金杂件,,,,,,,140,60,,,五金杂件,,,,,"=DISPIMG(""ID_89DBC92658FB49489BCEB609473B3931"",1)",,,,,,,,,,7,定制杂件,
391,HW10-GYHG-X8BA-002,银杏小卡,"碧潭飘雪三花冻卡片  
300克白卡纸
高13cm*宽7.5cm  ",,张,五金杂件,,,,,,,130,75,,,五金杂件,,,,,"=DISPIMG(""ID_AAFCB1FCCECC454699DFD30A812A3E83"",1)",,,,,,,,,,8,定制杂件,
392,HW10-GYHG-X591-001,熊猫油纸盖,汉堡防油纸，13*13正方形单张,,张,五金杂件,,,,,,,130,130,,,五金杂件,,,,,"=DISPIMG(""ID_68162F0E09414AD8B76AC60D17E45E13"",1)",,,,,,,,,,9,定制杂件,
393,HW10-GYHG-MLX-001,500ml磨砂直男杯（诗词定制款）,500ml，90口注塑杯,,个,五金杂件,,,,,,,,,,,五金杂件,,,,,"=DISPIMG(""ID_EAEF9C33421C4333AC306FD928712BD4"",1)",,,,,,,,,,10,定制杂件,
394,HW10-GYHG-MLX-002,1000ml高透高瘦杯（诗词定制款）,1000ml，90口，注塑杯,,个,五金杂件,,,,,,,,,,,五金杂件,,,,,"=DISPIMG(""ID_590686BABAE34FF48A41634CF37DD31F"",1)",,,,,,,,,,11,定制杂件,
395,HW10-GYHG-X800-001,无纺布手袋-吼堂火锅,500/件,,个,五金杂件,,,,,,,,,,,五金杂件,,,,,"=DISPIMG(""ID_45550E3736D34E96AACFCDEBF1EB7606"",1)",,,,,,,,,,12,定制杂件,
396,HW10-GYHG-SKF-001,纸杯-吼堂-蓝色,2000/件,,件,五金杂件,,,,,,,,,,,五金杂件,,,,,"=DISPIMG(""ID_F2AF0829F07641ADB42E5A80443E5BB9"",1)",,,,,,,,,,13,定制杂件,
397,HW10-GYHG-XD86-001,布口袋-吼堂,起订1千个,,个,五金杂件,,,,,,,,,,,五金杂件,,,,,"=DISPIMG(""ID_7274262F377A4577A8B342D4BA5FCCD1"",1)",,,,,,,,,,14,定制杂件,
398,HW10-GYHG-XF66-001,百宝袋,200套/件,,件,五金杂件,,,,,,,,,,,五金杂件,,,,,"=DISPIMG(""ID_3D415810FD524969A7B759D1AAE8E9AD"",1)",,,,,,,,,,15,定制杂件,
399,HW10-GYHG-XD4D-001,手提袋-吼堂,起订5千个,,个,五金杂件,,,,,,,,,,,五金杂件,,,,,"=DISPIMG(""ID_187275FB2A994C0E958C2BCF4FD8D660"",1)",,,,,,,,,,16,定制杂件,
400,HW10-GYHG-ZKC-001,32盎司酥肉桶-吼堂底+盖,500套/件,,个,五金杂件,,,,,,,,,,,五金杂件,,,,,"=DISPIMG(""ID_304281360757464EBED7AB55921EE1CB"",1)",,,,,,,,,,17,定制杂件,
401,HW10-GYHG-PKZX-001,塑料手提袋-吼堂老火锅50*30*12,起订5千个,,个,五金杂件,,,,,,,,,,,五金杂件,,,,,"=DISPIMG(""ID_FB2714125CE843F793F860BDC189AB58"",1)",,,,,,,,,,18,定制杂件,
402,HW10-GYHG-PKAX-001,塑料手提袋-吼堂老火锅60*40*16,起订5千个,,个,五金杂件,,,,,,,,,,,五金杂件,,,,,"=DISPIMG(""ID_DE2DDC3824B042EBB83BDAF410A2B823"",1)",,,,,,,,,,19,定制杂件,
403,HW10-GYHG-XB61-001,定制火柴,起订1万个,,盒,五金杂件,,,,,,,,,,,五金杂件,,,,,"=DISPIMG(""ID_3088A369CCB34B09BDE938FD03899579"",1)",,,,,,,,,,20,定制杂件,
404,HW10-GYHG-X5F4-002,定制袋装牙签,起订1万个,,个,五金杂件,,,,,,,,,,,五金杂件,,,,,"=DISPIMG(""ID_138650049E4145949EC9F9D597F08FB1"",1)",,,,,,,,,,21,定制杂件,
405,HW10-GYHG-X45E-001,定制一次性围裙,起订1千个,,条,五金杂件,,,,,,,,,,,五金杂件,,,,,"=DISPIMG(""ID_A39783824E1945CB9C5241766E9F544A"",1)",,,,,,,,,,22,定制杂件,
406,HW10-GYHG-X1D7-001,火锅去味水,起订1千个,,瓶,五金杂件,,,,,,,,,,,五金杂件,,,,,"=DISPIMG(""ID_1E6FAC030C0F4865B76C45A593EDC866"",1)",,,,,,,,,,23,定制杂件,
407,HW10-GYHG-X1FA-001,定制铜壶,1.2升黄铜复古色,,个,五金杂件,,,,,,,,,,,五金杂件,,,,,"=DISPIMG(""ID_733DFB8D1D8345C0B30FF7A7AECAC807"",1)",,,,,,,,,,24,定制杂件,
408,HW10-GYHG-MMX-001,可降解吸管190mm*1.2,2000个/件,,件,五金杂件,,,,,,,,,,,五金杂件,,,,,"=DISPIMG(""ID_DF3DAAB69CF24666B04B25F6ACBF23EA"",1)",,,,,,,,,,25,定制杂件,
409,HW10-GYHG-X339-001,金龟勺,1000个/件,,件,五金杂件,,,,,,,,,,,五金杂件,,,,,"=DISPIMG(""ID_E7BA1BBB6B11407F8DC169B806384E02"",1)",,,,,,,,,,26,定制杂件,
410,HW10-GYHG-X81C-001,丰竹筷,20包/件,,件,五金杂件,,,,,,,,,,,五金杂件,,,,,"=DISPIMG(""ID_7DE3EC58F6FB4B9BA0C78E502C24FA92"",1)",,,,,,,,,,27,定制杂件,
411,HW10-GYHG-XE27-001,定制工作服（前厅衣服）,,,件,五金杂件,,,,,,,,,,,五金杂件,,,,,"=DISPIMG(""ID_C02396503CA240F6808264F5E503A5EA"",1)",,,,,,,,,,28,定制杂件,
412,HW10-GYHG-X61D-001,定制工作服（后厨衣服）,,,件,五金杂件,,,,,,,,,,,五金杂件,,,,,"=DISPIMG(""ID_CDEFA677B63D4152920E26437CF4BC67"",1)",,,,,,,,,,29,定制杂件,
413,HW10-GYHG-XE32-001,定制工作帽,,,顶,五金杂件,,,,,,,,,,,五金杂件,,,,,"=DISPIMG(""ID_9C23C30E120546CD8DF61D1C6621C80D"",1)",,,,,,,,,,30,定制杂件,
414,HW10-GYHG-X51A-002,定制工作围裙,,,条,五金杂件,,,,,,,,,,,五金杂件,,,,,"=DISPIMG(""ID_6297DC0CC59A4CDBBA4C0E4909C8B9CF"",1)",,,,,,,,,,31,定制杂件,
415,HW10-GYHG-XBBC-001,连帽卫衣,,,件,五金杂件,,,,,,,,,,,五金杂件,,,,,"=DISPIMG(""ID_DF73048FF4E74AC995B83D6297708A5D"",1)",,,,,,,,,,32,定制杂件,
416,FN06-GYHG-X0E9-001,柜-定制柜体,依据图纸确定,,平方米,定制柜体,仁力烨升自品牌,9403300090,,,,,,,,,定制柜体,,,免漆板,,"=DISPIMG(""ID_ECA03096D18F4DBB8FEA1DEE7CA3FB0B"",1)",,,,,,,,,,2,定制柜体,
417,FN06-GYHG-X267-001,4人桌,,,,桌椅,,,,,,,1300,900,,,桌椅,,,,,"=DISPIMG(""ID_FC787A84E17B4114B1F6ED1158B3AC47"",1)",,,,,,,,,,2,家具,
418,FN06-GYHG-XBDC-001,6人长桌,,,,桌椅,,,,,,,1600,900,,,桌椅,,,,,"=DISPIMG(""ID_5044A68743CA42E29526E0904394E611"",1)",,,,,,,,,,3,家具,
419,FN06-GYHG-X747-001,2人桌,,,,桌椅,,,,,,,900,900,,,桌椅,,,,,"=DISPIMG(""ID_788E112614814D869826BB59B8EBCF78"",1)",,,,,,,,,,4,家具,
420,FN06-GYHG-XFF7-001,6人方桌,,,,桌椅,,,,,,,1000,1000,,,桌椅,,,,,"=DISPIMG(""ID_6A52091813AA46BDAF64093597AE647C"",1)",,,,,,,,,,5,家具,
421,FN06-GYHG-X756-001,八人桌,,,,桌椅,,,,,,,1200,1200,,,桌椅,,,,,"=DISPIMG(""ID_B02C51AF13584140B7A5D14D87AFC9AE"",1)",,,,,,,,,,6,家具,
422,FN06-GYHG-XA1A-001,单边卡座沙发,,,,桌椅,,,,,,,1300,550,,,桌椅,,,,,"=DISPIMG(""ID_BBC70B83076645F4BB7F1874E167FB6F"",1)",,,,,,,,,,7,家具,
423,FN06-GYHG-XD73-001,软包凳,500,,,桌椅,,,,,,,600,300,,,桌椅,,,,,"=DISPIMG(""ID_39B3CC7F81174C9A9E5B11B9A9C778B9"",1)",,,,,,,,,,8,家具,
424,FN06-GYHG-XAE8-001,椅子,常规,,,桌椅,,,,,,,,,,,桌椅,,,,,"=DISPIMG(""ID_E683908202DE485882228C986310146E"",1)",,,,,,,,,,9,家具,
425,FN06-GYHG-X1DE-001,菜架,常规,,,桌椅,,,,,,,,,,,桌椅,,,,,"=DISPIMG(""ID_8A17A8571CE34E71BAEF2C27D908FA4E"",1)",,,,,,,,,,10,家具,
426,FN06-GYHG-XB8B-001,迎宾台,迎宾台,,,桌椅,,,,,,,,,,,桌椅,,,,,"=DISPIMG(""ID_522A11DB01174014BA6C51D5A594996D"",1)",,,,,,,,,,11,家具,
427,FN06-GYHG-X63C-001,定制靠墙卡座,"长7200*宽550
长9900*宽550
长2220*宽550
长2900*宽550
长3700*宽550
现场制作",,,桌椅,,,,,,,,,,,桌椅,,,,,"=DISPIMG(""ID_3284645EDEB9485D80BF6343295B09A5"",1)",,,,,,,,,,12,家具,
428,FN06-GYHG-XF41-001,电磁炉,,,,桌椅,,,,,,,,,,,桌椅,,,,,"=DISPIMG(""ID_BE1D3C5E5A254B4C989E7CAF93FBE455"",1)",,,,,,,,,,13,家具,
429,FN06-GYHG-X431-001,锅圈,金色锅圈,,,桌椅,,,,,,,,,,,桌椅,,,,,"=DISPIMG(""ID_6104654A7071439887AE1B2D174684CF"",1)",,,,,,,,,,14,家具,
430,FN06-GYHG-XC33-001,灯箱,单面尺寸可定制,,,软装,,,,,,,4000,1760,,,软装,,,卡布灯箱,,"=DISPIMG(""ID_C1C7193BD18647BBA50D69294491C356"",1)",,,,,,,,,,2,广告软装,
431,FN06-GYHG-XCFE-001,广告牌,单面 logo800字高 750 ,,,软装,,,,,,, ,,,,软装,,,正面发光字厚度6cm，镀铜边折边边框590nm，液态亚克力固化面板,,"=DISPIMG(""ID_618A64658B38408A943D8AB6E3C5262A"",1)",,,,,,,,,,3,广告软装,
432,FN06-GYHG-X845-001,集市隔断,双面尺寸可定制,,,软装,,,,,,,1840,1820,,,软装,,,亚克力,,"=DISPIMG(""ID_5759F9FAF8BF4E01A1879AE8CF1FD0D7"",1)",,,,,,,,,,4,广告软装,
433,FN06-GYHG-XA53-001,浮雕字（段子1）,单面尺寸可定制,,,软装,,,,,,,1930,570,,,软装,,,中纤板金色浮雕字,,"=DISPIMG(""ID_BDE1F43D33FD4B8EA9C27A8B705938F5"",1)",,,,,,,,,,5,广告软装,
434,FN06-GYHG-XC77-001,浮雕字（段子2）,单面尺寸可定制,,,软装,,,,,,,1930,570,,,软装,,,中纤板金色浮雕字,,"=DISPIMG(""ID_1944453F55C549B4A8CB67CB57166CD2"",1)",,,,,,,,,,6,广告软装,
435,FN06-GYHG-X79C-001,发光雕刻隔断,双面尺寸可定制,,,软装,,,,,,,2340,990,,,软装,,,亚克力发光雕刻隔断,,"=DISPIMG(""ID_A75FD415F9694737A58CD08C5691BDE0"",1)",,,,,,,,,,7,广告软装,
436,FN06-GYHG-XE9F-001,百乐门发光字1,单面字体高度：320,,,软装,,,,,,,2770,500,,,软装,,,百乐门造型黑色钢板正面发光字，厚度6cm，黑色钢板折边边框红光623nm，液态亚克力固化面板,,"=DISPIMG(""ID_6D5C6C66B8994AC283284EAD55B612DC"",1)",,,,,,,,,,8,广告软装,
437,FN06-GYHG-XFB1-001,百乐门发光字2,单面字体高度：320,,,软装,,,,,,,2770,500,,,软装,,,百乐门造型黑色钢板正面发光字，厚度6cm，黑色钢板折边边框红光623nm，液态亚克力固化面板,,"=DISPIMG(""ID_C3960AE8E86A4C8BB2C6AD20CF0EA05B"",1)",,,,,,,,,,9,广告软装,
438,FN06-GYHG-X1EF-001,百乐门发光字3,单面尺寸可定制,,,软装,,,,,,,3960,350,,,软装,,,黑色钢板正面发光字，黑色钢板折边边框红光623nm，液态亚克力固化面板,,"=DISPIMG(""ID_4D15A97A55FA425187BC323543690832"",1)",,,,,,,,,,10,广告软装,
439,FN06-GYHG-X7AD-001,吧台浮雕字,单面尺寸可定制（字体高度230）,,,软装,,,,,,,1950,410,,,软装,,,中纤板浮雕字,,"=DISPIMG(""ID_3BA3FD2F6B0449508E49929A310CA9E2"",1)",,,,,,,,,,11,广告软装,
440,FN06-GYHG-X434-001,餐区灯箱,单面尺寸可定制,,,软装,,,,,,,1210,1610,,,软装,,,餐区灯箱,,"=DISPIMG(""ID_514297068B8D4F2CA93E84D268C98DFD"",1)",,,,,,,,,,12,广告软装,
441,FN06-GYHG-X4C6-001,折边背发光字,单面尺寸可定制,,,软装,,,,,,,1240,700,,,软装,,,镀铜折边背发光字,,"=DISPIMG(""ID_9FFC8B2217EA44DE81FC69BA94E1A03D"",1)",,,,,,,,,,13,广告软装,
442,FN06-GYHG-X31B-001,墙面灯箱,单面尺寸可定制,,,软装,,,,,,,2900,1190,,,软装,,,墙面灯箱,,"=DISPIMG(""ID_F32A4AE4415C4640BFA54144D41DF92F"",1)",,,,,,,,,,14,广告软装,
443,HW10-GYHG-X2A2-001,琉璃灯,桌子中央,321.428571428571,,工程灯具,,,,,,,220,200,,,工程灯具,,,,,"=DISPIMG(""ID_940B6A090DE94E03B38AFA418AEA1F19"",1)",,,,,,,,,,2,灯具,
444,HW10-GYHG-X5CC-002,灯笼吊灯,01立面,371.428571428571,,工程灯具,,,,,,,350,600,,,工程灯具,,,,,"=DISPIMG(""ID_EAF99484C8AC44CDBB7B094A688BB8D9"",1)",,,,,,,,,,3,灯具,
445,HW10-GYHG-XC98-002,工业壁灯,12立面、15立面,82.8571428571429,,工程灯具,,,,,,,,,,,工程灯具,,,,,"=DISPIMG(""ID_25EF7472C8CD432EA82B086C7FEFCC40"",1)",,,,,,,,,,4,灯具,
446,HW10-GYHG-X922-001,壁灯1,04立面、15立面,218.571428571429,,工程灯具,,,,,,,,,,,工程灯具,,,,,"=DISPIMG(""ID_9E0938120A7B4231932D4C5CB837DE63"",1)",,,,,,,,,,5,灯具,
447,HW10-GYHG-X4B2-001,壁灯2,11立面、12立面,214.285714285714,,工程灯具,,,,,,,170,380,,,工程灯具,,,,,"=DISPIMG(""ID_36A0CD91B1EA4A88A3376C82B44AF4E2"",1)",,,,,,,,,,6,灯具,
448,HW10-GYHG-X62C-001,包间壁灯4,20立面、23立面,128.571428571429,,工程灯具,,,,,,,180,250,,,工程灯具,,,,,"=DISPIMG(""ID_15F9857269D9410E95E8DB6A55C6AF81"",1)",,,,,,,,,,7,灯具,
449,HW10-GYHG-XC79-001,镜前灯,12立面、15立面、18立面、21立面,328.571428571429,,工程灯具,,,,,,,630,300,130,,工程灯具,,,,,"=DISPIMG(""ID_42D7D7B332C44DB98ED2EF707C877A8A"",1)",,,,,,,,,,8,灯具,
450,HW10-GYHG-XBD3-001,光源,餐饮专用射灯 12w 97a 3000k 光束角度15°,51.4285714285714,,工程灯具,,,,,,,,,,,工程灯具,,,,,"=DISPIMG(""ID_F3AF8EB1B68F4594873EC152FDE17894"",1)",,,,,,,,,,9,灯具,
451,HW10-GYHG-X689-001,一瓦小射灯,牌匾,32.8571428571429,,工程灯具,,,,,,,46,96,,,工程灯具,,,,,"=DISPIMG(""ID_37138149A3434C11B7161A5B792A9D32"",1)",,,,,,,,,,10,灯具,
452,HW10-GYHG-X8C5-001,包间灯,包间,597.142857142857,,工程灯具,,,,,,,1200,97,,,工程灯具,,,,,"=DISPIMG(""ID_A37D59658A1D430BB1E58BB70F8E8E0E"",1)",,,,,,,,,,11,灯具,
453,TI02-GYHG-TIDG-001,厨房地砖,,,片,瓷砖,,,,,,,300,300,,,瓷砖,,,,,"=DISPIMG(""ID_F484833518874C51B283377BB50FB654"",1)",,,,,,,,,,2,瓷砖,
454,TI02-GYHG-XD9F-001,厨房墙面,,,片,瓷砖,,,,,,,300,600,,,瓷砖,,,,,"=DISPIMG(""ID_507BF7A45DF4448DAF7574DD9B93DB27"",1)",,,,,,,,,,3,瓷砖,
455,TI02-GYHG-X6CD-001,卫生间地,,,片,瓷砖,,,,,,,300,300,,,瓷砖,,,,,"=DISPIMG(""ID_74A89D6FAD2D4CD9A86F89283010A11C"",1)",,,,,,,,,,4,瓷砖,
456,TI02-GYHG-X053-001,卫生间墙,,,片,瓷砖,,,,,,,300,600,,,瓷砖,,,,,"=DISPIMG(""ID_FD4589663A9342DFA703356721C71C94"",1)",,,,,,,,,,5,瓷砖,
457,TI02-GYHG-X7B3-001,大厅地,,,片,瓷砖,,,,,,,300,300,,,瓷砖,,,,,"=DISPIMG(""ID_49E7BB3501014DFB84697171E520D368"",1)",,,,,,,,,,6,瓷砖,
458,TI02-GYHG-X364-001,包间地面,,,片,瓷砖,,,,,,,600,600,,,瓷砖,,,,,"=DISPIMG(""ID_ABCAFB6E9F3D453784A8B9734CD031F5"",1)",,,,,,,,,,7,瓷砖,
459,TI02-GYHG-XB90-001,大厅地,,,次,瓷砖,,,,,,,600,600,,,瓷砖,,,,,"=DISPIMG(""ID_DB356A0BFBFA4FF2A73325361737B33F"",1)",,,,,,,,,,8,瓷砖,
460,ST07-GYHG-X945-001,中国黑,水洗面加黑,,,石材,,,,,,,,,,,石材,,,中国黑,,,,,,,,,,,,2,石材,
461,ST07-GYHG-XBF8-001,台面,水吧台、吧台,,,石材,,,,,,,,,,,石材,,,人造石,,"=DISPIMG(""ID_BEB99CF7097B425EA1A53437332A808B"",1)",,,,,,,,,,3,石材,
462,ST07-GYHG-XB76-001,踢脚线造型,芝麻灰荔枝面墙边、柱边,,,石材,,,,,,,,,,,石材,,,芝麻灰,,"=DISPIMG(""ID_B482DCFA5F6A426292F2E2408FB382B1"",1)",,,,,,,,,,4,石材,
463,ST07-GYHG-XA2A-001,踢脚线,芝麻灰荔枝面墙边、柱边,,,石材,,,,,,,,,,,石材,,,芝麻灰,,"=DISPIMG(""ID_0B88946F47E24A968B8BE5F9FB7AAFF4"",1)",,,,,,,,,,5,石材,
464,ST07-GYHG-X566-001,斜坡踢脚线造型,楼梯芝麻灰光面楼梯,,,石材,,,,,,,,,,,石材,,,芝麻灰,,"=DISPIMG(""ID_F7FBA00D1410405D9CD2C9363AFBDC36"",1)",,,,,,,,,,6,石材,
465,ST07-GYHG-X7F1-001,三角板踢脚线,楼梯芝麻灰荔枝面楼梯,,,石材,,,,,,,,,,,石材,,,芝麻灰,,"=DISPIMG(""ID_6C22EF5EE288419581F31ABA50D1337F"",1)",,,,,,,,,,7,石材,
466,ST07-GYHG-XAE3-001,楼梯斜坡踢脚线,楼梯芝麻灰荔枝面,,,石材,,,,,,,,,,,石材,,,芝麻灰,,"=DISPIMG(""ID_E51C3FFC454940709DC202F1DD7A0706"",1)",,,,,,,,,,8,石材,
467,ST07-GYHG-X0FB-001,楼梯梯步踏板,芝麻灰荔枝面楼梯、加厚倒小斜边完成面40厚,,,石材,,,,,,,,,,,石材,,,芝麻灰,,"=DISPIMG(""ID_0C7FCFBED8784CFAB186A892C0EBD223"",1)",,,,,,,,,,9,石材,
468,ST07-GYHG-X160-001,倒圆边,出餐台台面,,,石材,,,,,,,,,,,石材,,,芝麻灰,,"=DISPIMG(""ID_8933A50D4D5E4AF19E3492D78F98988E"",1)",,,,,,,,,,10,石材,
469,ST07-GYHG-X623-001,加厚条,出餐台台面,,,石材,,,,,,,,,,,石材,,,芝麻灰,,"=DISPIMG(""ID_EFE122C370C34FCEB91390C45D090700"",1)",,,,,,,,,,11,石材,
470,ST07-GYHG-X8A9-001,造型加厚条,出餐台台面,,,石材,,,,,,,,,,,石材,,,芝麻灰,,"=DISPIMG(""ID_D273BD78AC1046179A840ECB59938207"",1)",,,,,,,,,,12,石材,
471,BR99-GYHG-XC59-001,标准红砖切片,磨6边,0.75,片,砖瓦,,,,,,,220,48,10,,砖瓦,,,,,"=DISPIMG(""ID_2721961B5E744C8E9FFCF14392DBD901"",1)",,,,,,,,,,2,砖瓦,
472,BR99-GYHG-X334-001,预制红砖切片,,326,块,砖瓦,,,,,,,120,47,10,,砖瓦,,,,,"=DISPIMG(""ID_7FE702D99B164278878FBA0755737CC2"",1)",,,,,,,,,,3,砖瓦,
473,BR99-GYHG-XC97-001,青瓦,屋檐瓦，室内部分不加脊瓦,0.6,片,砖瓦,,,,,,,175,175,6,,砖瓦,,,,,"=DISPIMG(""ID_7293BD46B26549568C02AEF87B524B58"",1)",,,,,,,,,,4,砖瓦,
474,BR99-GYHG-ABETH-001,筒瓦,屋檐瓦，室内部分不加脊瓦,0.785714285714286,片,砖瓦,,,,,,,180,110,8,,砖瓦,,,,,"=DISPIMG(""ID_0E58122AC92F4E3096A8C2BA72026684"",1)",,,,,,,,,,5,砖瓦,
475,BR99-GYHG-ABTIE-001,滴水,屋檐瓦，室内部分不加脊瓦,1.71,片,砖瓦,,,,,,,200,175,10,,砖瓦,,,,,"=DISPIMG(""ID_24D0DC3F89664E7595D61A10C6ADEEAC"",1)",,,,,,,,,,6,砖瓦,
476,BR99-GYHG-ABMAO-001,猫头,,1.71,片,砖瓦,,,,,,,210,110,10,,砖瓦,,,,,"=DISPIMG(""ID_5FC5CD2B87DE4973A890BF5101A5EA37"",1)",,,,,,,,,,7,砖瓦,
477,BR99-GYHG-ABRAF-001,挡沟,屋檐瓦，室内部分不加脊瓦,1.28571428571429,片,砖瓦,,,,,,,185,30,125,,砖瓦,,,,,"=DISPIMG(""ID_ABD212AB0D974CC8A3988AB3F26C50DD"",1)",,,,,,,,,,8,砖瓦,
478,FN06-GYHG-X566-001,窗帘1,按实际尺寸定制,692.857142857143,组,软装,,,,,,,,,,,软装,,,澳洲绒,,"=DISPIMG(""ID_E3C550F4AC5D4E2AA1EECA78A9B3EE40"",1)",,,,,,,,,,2,窗帘,
479,FN06-GYHG-XC91-001,窗帘2,按实际尺寸定制,392.857142857143,组,软装,,,,,,,,,,,软装,,,真丝,,"=DISPIMG(""ID_F6CD04D9063B4B758A3E2ABDCB5B525A"",1)",,,,,,,,,,3,窗帘,
480,FN06-GYHG-XAE5-001,窗帘3,按实际尺寸定制,542.857142857143,组,软装,,,,,,,,,,,软装,,,棉麻/双面,,"=DISPIMG(""ID_645C819AFFF1422B8ABDA7C121FD90B8"",1)",,,,,,,,,,4,窗帘,
481,LN11-GYHG-X90D-001,龙,支持定制,,组,灯笼,,,,,,,,,,,灯笼,,,铁艺结构造型，八美绸缎裱糊，丝印布艺，防水LED灯泡,,"=DISPIMG(""ID_8C3465887D1E425F9F2D704DE3E059B7"",1)",,,,,,,,,,2,花灯,
482,LN11-GYHG-X8CC-001,熊猫,支持定制,,组,灯笼,,,,,,,,,,,灯笼,,,铁艺结构造型，八美绸缎裱糊，丝印布艺，防水LED灯泡,,"=DISPIMG(""ID_13C8DF7F3C0942F9840C175B031B66EB"",1)",,,,,,,,,,3,花灯,
483,LN11-GYHG-XA6A-001,花灯,支持定制,,组,灯笼,,,,,,,,,,,灯笼,,,钢架结构，丝架造型，彩色绸缎分色裱糊，内装led灯带，表面喷涂罩面漆保护，美术处理，钢丝悬吊,,"=DISPIMG(""ID_E4496D0F4E8542DDB46944ACA16D45C1"",1)",,,,,,,,,,4,花灯,
484,MT04-GYHG-X0A2-001,金属踢脚线,定制尺寸,,,不锈钢,,,,,,,,,,,不锈钢,,,,,"=DISPIMG(""ID_4BD0C3E397174822A13D470DF9613B57"",1)",,,,,,,,,,2,金属隔断,
485,MT04-GYHG-X0F0-001,金属隔断,定制尺寸,,,不锈钢,,,,,,,,,,,不锈钢,,,,,"=DISPIMG(""ID_64A78A9B4C02417183754E6D7727971F"",1)",,,,,,,,,,3,金属隔断,
486,MT04-GYHG-X892-001,金属发光隔断,定制尺寸,,,不锈钢,,,,,,,,,,,不锈钢,,,,,"=DISPIMG(""ID_C28C50961E9E43B5BCD30872BF5ADCD5"",1)",,,,,,,,,,4,金属隔断,
487,MT04-GYHG-X213-001,灯笼架,定制尺寸,,,不锈钢,,,,,,,,,,,不锈钢,,,,,"=DISPIMG(""ID_F34359D1EF80434EBCF3467DB6219408"",1)",,,,,,,,,,5,金属隔断,
