id,code,name,description,price,unit,category,brand,hs_code,weight,volume,qty,spec,specs_l,specs_w,specs_h,specification,area,location,box_no,material,color,image,image_filename,image_data,remarks,tags,create_time,update_time,restaurant_brand_id,material_brand,suggested_waste_rate,code_before_cleanup
6,HW10-GYHG-ALX-001,灯带-线型灯AL-1510,null,null,米,五金杂件及工程灯具,仁力烨升自品牌,9405110000,null,null,null,null,依据图纸确定,依据图纸确定,依据图纸确定,null,五金杂件及工程灯具,null,null,铝材,null,https://renli2026.oss-cn-chengdu.aliyuncs.com/materials/%E4%BA%94%E9%87%91%E6%9D%82%E4%BB%B6%E5%8F%8A%E5%B7%A5%E7%A8%8B%E7%81%AF%E5%85%B7/HW10-GYHG-ALX-001.png,HW10-GYHG-ALX-001.png,null,null,null,2026-03-22 05:52:15.146066,2026-03-22 06:18:46.278275,1,null,null,CE11-BKCH-HWELI-006
7,HW10-GYHG-X2C2-001,灯带-线型灯灯带,null,null,个,五金杂件及工程灯具,仁力烨升自品牌,9405500000,null,null,null,null,依据图纸确定,依据图纸确定,依据图纸确定,null,五金杂件及工程灯具,null,null,铜支架 裸版,null,https://renli2026.oss-cn-chengdu.aliyuncs.com/materials/%E4%BA%94%E9%87%91%E6%9D%82%E4%BB%B6%E5%8F%8A%E5%B7%A5%E7%A8%8B%E7%81%AF%E5%85%B7/HW10-GYHG-X2C2-001.png,HW10-GYHG-X2C2-001.png,null,null,null,2026-03-22 05:52:15.146066,2026-03-22 06:18:46.278275,1,null,null,CE11-BKCH-HWELI-007
8,HW10-GYHG-LED-001,LED灯-瓦楞灯,null,64.00,个,五金杂件及工程灯具,仁力烨升自品牌,9405410000,null,null,null,null,160,800,40,null,五金杂件及工程灯具,null,null,塑料+铝材+LED,null,https://renli2026.oss-cn-chengdu.aliyuncs.com/materials/%E4%BA%94%E9%87%91%E6%9D%82%E4%BB%B6%E5%8F%8A%E5%B7%A5%E7%A8%8B%E7%81%AF%E5%85%B7/HW10-GYHG-LED-001.png,HW10-GYHG-LED-001.png,null,null,null,2026-03-22 05:52:15.146066,2026-03-22 06:18:46.278275,1,null,null,CE11-BKCH-HWELI-008
9,HW10-GYHG-X419-001,开关-防溅盒,null,17.00,个,五金杂件及工程灯具,仁力烨升自品牌,3926909090,null,null,null,null,80,80,40,null,五金杂件及工程灯具,null,null,塑料,null,https://renli2026.oss-cn-chengdu.aliyuncs.com/materials/%E4%BA%94%E9%87%91%E6%9D%82%E4%BB%B6%E5%8F%8A%E5%B7%A5%E7%A8%8B%E7%81%AF%E5%85%B7/HW10-GYHG-X419-001.png,HW10-GYHG-X419-001.png,null,null,null,2026-03-22 05:52:15.146066,2026-03-22 06:18:46.278275,1,null,null,CE11-BKCH-HWHPS-001
10,HW10-GYHG-X1C0-001,插口-网络插座,null,19.00,个,五金杂件及工程灯具,仁力烨升自品牌,8536690000,null,null,null,null,150,150,5,null,五金杂件及工程灯具,null,null,铝材,null,https://renli2026.oss-cn-chengdu.aliyuncs.com/materials/%E4%BA%94%E9%87%91%E6%9D%82%E4%BB%B6%E5%8F%8A%E5%B7%A5%E7%A8%8B%E7%81%AF%E5%85%B7/HW10-GYHG-X1C0-001.png,HW10-GYHG-X1C0-001.png,null,null,null,2026-03-22 05:52:15.146066,2026-03-22 06:18:46.278275,1,null,null,CE11-BKCH-HWSWI-003
11,HW10-GYHG-X021-001,开关-单控单开,null,26.00,个,五金杂件及工程灯具,仁力烨升自品牌,8536500090,null,null,null,null,150,150,5,null,五金杂件及工程灯具,null,null,铝材,null,https://renli2026.oss-cn-chengdu.aliyuncs.com/materials/%E4%BA%94%E9%87%91%E6%9D%82%E4%BB%B6%E5%8F%8A%E5%B7%A5%E7%A8%8B%E7%81%AF%E5%85%B7/HW10-GYHG-X021-001.png,HW10-GYHG-X021-001.png,null,null,null,2026-03-22 05:52:15.146066,2026-03-22 06:18:46.278275,1,null,null,CE11-BKCH-HWSWI-004
12,HW10-GYHG-X79D-001,开关-单控双开,null,31.00,个,五金杂件及工程灯具,仁力烨升自品牌,8536500090,null,null,null,null,150,150,5,null,五金杂件及工程灯具,null,null,铝材,null,https://renli2026.oss-cn-chengdu.aliyuncs.com/materials/%E4%BA%94%E9%87%91%E6%9D%82%E4%BB%B6%E5%8F%8A%E5%B7%A5%E7%A8%8B%E7%81%AF%E5%85%B7/HW10-GYHG-X79D-001.png,HW10-GYHG-X79D-001.png,null,null,null,2026-03-22 05:52:15.146066,2026-03-22 06:18:46.278275,1,null,null,CE11-BKCH-HWSWI-005
13,HW10-GYHG-X7D6-001,开关-单控三开,null,7.00,null,五金杂件及工程灯具,仁力烨升自品牌,8536500090,null,null,null,null,150,150,5,null,五金杂件及工程灯具,null,null,铝材,null,https://renli2026.oss-cn-chengdu.aliyuncs.com/materials/%E4%BA%94%E9%87%91%E6%9D%82%E4%BB%B6%E5%8F%8A%E5%B7%A5%E7%A8%8B%E7%81%AF%E5%85%B7/HW10-GYHG-X7D6-001.png,HW10-GYHG-X7D6-001.png,null,null,null,2026-03-22 05:52:15.146066,2026-03-22 06:18:46.278275,1,null,null,CE11-BKCH-HWSWI-006
14,HW10-GYHG-X478-001,变压器-线型灯电源,null,21.00,个,五金杂件及工程灯具,仁力烨升自品牌,9405410000,null,null,null,null,80,40,150,null,五金杂件及工程灯具,null,null,铝材,null,https://renli2026.oss-cn-chengdu.aliyuncs.com/materials/%E4%BA%94%E9%87%91%E6%9D%82%E4%BB%B6%E5%8F%8A%E5%B7%A5%E7%A8%8B%E7%81%AF%E5%85%B7/HW10-GYHG-X478-001.png,HW10-GYHG-X478-001.png,null,null,null,2026-03-22 05:52:15.146066,2026-03-22 06:18:46.278275,1,null,null,CE11-BKCH-HWTRA-001
15,HW10-GYHG-X2B8-001,变压器-瓦楞灯电源,null,123.00,个,五金杂件及工程灯具,仁力烨升自品牌,9405410000,null,null,null,null,150,40,60,null,五金杂件及工程灯具,null,null,铝材,null,https://renli2026.oss-cn-chengdu.aliyuncs.com/materials/%E4%BA%94%E9%87%91%E6%9D%82%E4%BB%B6%E5%8F%8A%E5%B7%A5%E7%A8%8B%E7%81%AF%E5%85%B7/HW10-GYHG-X2B8-001.png,HW10-GYHG-X2B8-001.png,null,null,null,2026-03-22 05:52:15.146066,2026-03-22 06:18:46.278275,1,null,null,CE11-BKCH-HWTRA-002
16,HW10-GYHG-LED-002,LED灯-集成平板灯,null,null,个,五金杂件及工程灯具,仁力烨升自品牌,8539510000,null,null,null,null,\,\,\,null,五金杂件及工程灯具,null,null,塑料+LED,null,https://renli2026.oss-cn-chengdu.aliyuncs.com/materials/%E4%BA%94%E9%87%91%E6%9D%82%E4%BB%B6%E5%8F%8A%E5%B7%A5%E7%A8%8B%E7%81%AF%E5%85%B7/HW10-GYHG-LED-002.png,HW10-GYHG-LED-002.png,null,null,null,2026-03-22 05:52:15.146066,2026-03-22 06:18:46.278275,1,null,null,CE11-WHRN-HWELI-007
17,HW10-GYHG-X529-001,插座-一开多功能五孔,null,37.00,个,五金杂件及工程灯具,仁力烨升自品牌,8536690000,null,null,null,null,150,150,5,null,五金杂件及工程灯具,null,null,塑料,null,https://renli2026.oss-cn-chengdu.aliyuncs.com/materials/%E4%BA%94%E9%87%91%E6%9D%82%E4%BB%B6%E5%8F%8A%E5%B7%A5%E7%A8%8B%E7%81%AF%E5%85%B7/HW10-GYHG-X529-001.png,HW10-GYHG-X529-001.png,null,null,null,2026-03-22 05:52:15.146066,2026-03-22 06:18:46.278275,1,null,null,CE11-WHRN-HWSWI-001
18,HW10-GYHG-X344-001,插座-欧标地插,null,13.00,个,五金杂件及工程灯具,仁力烨升自品牌,8536690000,null,null,null,null,150,100,5,null,五金杂件及工程灯具,null,null,塑料,null,https://renli2026.oss-cn-chengdu.aliyuncs.com/materials/%E4%BA%94%E9%87%91%E6%9D%82%E4%BB%B6%E5%8F%8A%E5%B7%A5%E7%A8%8B%E7%81%AF%E5%85%B7/HW10-GYHG-X344-001.png,HW10-GYHG-X344-001.png,null,null,null,2026-03-22 05:52:15.146066,2026-03-22 06:18:46.278275,1,null,null,CE11-WHRN-HWSWI-002
19,HW10-GYHG-X64B-001,结构胶- 透明玻璃胶,null,264.00,件,五金杂件及工程灯具,仁力烨升自品牌,3506100010,null,null,null,null,220,50,50,null,五金杂件及工程灯具,null,null,胶水,null,https://renli2026.oss-cn-chengdu.aliyuncs.com/materials/%E4%BA%94%E9%87%91%E6%9D%82%E4%BB%B6%E5%8F%8A%E5%B7%A5%E7%A8%8B%E7%81%AF%E5%85%B7/HW10-GYHG-X64B-001.png,HW10-GYHG-X64B-001.png,null,null,null,2026-03-22 05:52:15.146066,2026-03-22 06:18:46.278275,1,null,null,CM03-TRBT-HWGLU-001
20,HW10-GYHG-X641-001,工程零件-换气扇,null,37.00,个,五金杂件及工程灯具,仁力烨升自品牌,3926909090,null,null,null,null,300,300,20,null,五金杂件及工程灯具,null,null,塑料,null,https://renli2026.oss-cn-chengdu.aliyuncs.com/materials/%E4%BA%94%E9%87%91%E6%9D%82%E4%BB%B6%E5%8F%8A%E5%B7%A5%E7%A8%8B%E7%81%AF%E5%85%B7/HW10-GYHG-X641-001.png,HW10-GYHG-X641-001.png,null,null,null,2026-03-22 05:52:15.146066,2026-03-22 06:18:46.278275,1,null,null,CM05-WHRN-HWVEN-001
21,HW10-GYHG-XDF8-001,射钉-T50直钉,null,93.00,件,五金杂件及工程灯具,仁力烨升自品牌,8467190000,null,null,null,null,50,10,20,null,五金杂件及工程灯具,null,null,铁,null,https://renli2026.oss-cn-chengdu.aliyuncs.com/materials/%E4%BA%94%E9%87%91%E6%9D%82%E4%BB%B6%E5%8F%8A%E5%B7%A5%E7%A8%8B%E7%81%AF%E5%85%B7/HW10-GYHG-XDF8-001.png,HW10-GYHG-XDF8-001.png,null,null,null,2026-03-22 05:52:15.146066,2026-03-22 06:18:46.278275,1,null,null,MT06-GYQH-HWNIL-001
22,HW10-GYHG-XDA9-001,工程零件-折叠门滑轮,null,79.00,副,五金杂件及工程灯具,仁力烨升自品牌,8302420000,null,null,null,null,80,40,40,null,五金杂件及工程灯具,null,null,不锈钢、锌合金,null,https://renli2026.oss-cn-chengdu.aliyuncs.com/materials/%E4%BA%94%E9%87%91%E6%9D%82%E4%BB%B6%E5%8F%8A%E5%B7%A5%E7%A8%8B%E7%81%AF%E5%85%B7/HW10-GYHG-XDA9-001.png,HW10-GYHG-XDA9-001.png,null,null,null,2026-03-22 05:52:15.146066,2026-03-22 06:18:46.278275,1,null,null,MT08-HWRN-HWPUL-D01
23,HW10-GYHG-X139-001,工程零件-折叠门吊轨,null,40.00,米,五金杂件及工程灯具,仁力烨升自品牌,7308900000,null,null,null,null,1000,40,40,null,五金杂件及工程灯具,null,null,铝合金,null,https://renli2026.oss-cn-chengdu.aliyuncs.com/materials/%E4%BA%94%E9%87%91%E6%9D%82%E4%BB%B6%E5%8F%8A%E5%B7%A5%E7%A8%8B%E7%81%AF%E5%85%B7/HW10-GYHG-X139-001.png,HW10-GYHG-X139-001.png,null,null,null,2026-03-22 05:52:15.146066,2026-03-22 06:18:46.278275,1,null,null,MT08-HWRN-HWTRK-D01
24,HW10-GYHG-NFMB-001,工程零件- 阻尼 隐形闭门合页 5寸,null,79.00,片,五金杂件及工程灯具,仁力烨升自品牌,8302300000,null,null,null,null,50,30,3,null,五金杂件及工程灯具,null,null,不锈钢,null,https://renli2026.oss-cn-chengdu.aliyuncs.com/materials/%E4%BA%94%E9%87%91%E6%9D%82%E4%BB%B6%E5%8F%8A%E5%B7%A5%E7%A8%8B%E7%81%AF%E5%85%B7/HW10-GYHG-NFMB-001.png,HW10-GYHG-NFMB-001.png,null,null,null,2026-03-22 05:52:15.146066,2026-03-22 06:18:46.278275,1,null,null,MT08-MEGT-HWDAM-D01
25,HW10-GYHG-XD08-001,工程零件-黄铜小钉,null,0.11,颗,五金杂件及工程灯具,仁力烨升自品牌,7415290000,null,null,null,null,1.5,1.5,15,null,五金杂件及工程灯具,null,null,黄铜,null,https://renli2026.oss-cn-chengdu.aliyuncs.com/materials/%E4%BA%94%E9%87%91%E6%9D%82%E4%BB%B6%E5%8F%8A%E5%B7%A5%E7%A8%8B%E7%81%AF%E5%85%B7/HW10-GYHG-XD08-001.png,HW10-GYHG-XD08-001.png,null,null,null,2026-03-22 05:52:15.146066,2026-03-22 06:18:46.278275,1,null,null,MT08-MEGT-HWNIL-001
26,HW10-GYHG-MMX-001,装饰零件-11mm黄铜泡钉,null,0.43,颗,五金杂件及工程灯具,仁力烨升自品牌,7415290000,null,null,null,null,11,11,15,null,五金杂件及工程灯具,null,null,铜锌合金,null,https://renli2026.oss-cn-chengdu.aliyuncs.com/materials/%E4%BA%94%E9%87%91%E6%9D%82%E4%BB%B6%E5%8F%8A%E5%B7%A5%E7%A8%8B%E7%81%AF%E5%85%B7/HW10-GYHG-MMX-001.png,HW10-GYHG-MMX-001.png,null,null,null,2026-03-22 05:52:15.146066,2026-03-22 06:18:46.278275,1,null,null,MT08-MEGT-HWNIL-002
27,HW10-GYHG-X965-001,装饰零件-泡钉,null,40.00,个,五金杂件及工程灯具,仁力烨升自品牌,7415290000,null,null,null,null,40,40,100,null,五金杂件及工程灯具,null,null,铜锌合金,null,https://renli2026.oss-cn-chengdu.aliyuncs.com/materials/%E4%BA%94%E9%87%91%E6%9D%82%E4%BB%B6%E5%8F%8A%E5%B7%A5%E7%A8%8B%E7%81%AF%E5%85%B7/HW10-GYHG-X965-001.png,HW10-GYHG-X965-001.png,null,null,null,2026-03-22 05:52:15.146066,2026-03-22 06:18:46.278275,1,null,null,MT08-MEGT-HWNIL-003
28,HW10-GYHG-X6D1-001,装饰零件- 20公分铜狮头,null,400.00,副,五金杂件及工程灯具,仁力烨升自品牌,8302410000,null,null,null,null,200,200,5,null,五金杂件及工程灯具,null,null,黄铜,null,https://renli2026.oss-cn-chengdu.aliyuncs.com/materials/%E4%BA%94%E9%87%91%E6%9D%82%E4%BB%B6%E5%8F%8A%E5%B7%A5%E7%A8%8B%E7%81%AF%E5%85%B7/HW10-GYHG-X6D1-001.png,HW10-GYHG-X6D1-001.png,null,null,null,2026-03-22 05:52:15.146066,2026-03-22 06:18:46.278275,1,null,null,MT08-MEGT-MMCMP-003
29,KT08-GYHG-X26E-001,厨房设备- 单通工作柜,null,2660.00,null,厨房电器及设备,null,9403200000,null,null,null,null,1500,760,800,null,厨房电器及设备,null,null,304不锈钢,null,https://renli2026.oss-cn-chengdu.aliyuncs.com/materials/%E5%8E%A8%E6%88%BF%E7%94%B5%E5%99%A8%E5%8F%8A%E8%AE%BE%E5%A4%87/KT08-GYHG-X26E-001.png,KT08-GYHG-X26E-001.png,null,null,null,2026-03-22 05:52:15.146066,2026-03-22 06:18:46.278275,1,null,null,MT01-NTBX-EQKAT-001
30,KT08-GYHG-XA4B-001,厨房设备- 定制打锅架,null,2800.00,null,厨房电器及设备,null,9403200000,null,null,null,null,1500,760,800,null,厨房电器及设备,null,null,304不锈钢,null,https://renli2026.oss-cn-chengdu.aliyuncs.com/materials/%E5%8E%A8%E6%88%BF%E7%94%B5%E5%99%A8%E5%8F%8A%E8%AE%BE%E5%A4%87/KT08-GYHG-XA4B-001.png,KT08-GYHG-XA4B-001.png,null,null,null,2026-03-22 05:52:15.146066,2026-03-22 06:18:46.278275,1,null,null,MT01-NTBX-EQKAT-002
31,KT08-GYHG-SYN-001,厨房设备- 定制锅架-单通,null,10920.00,null,厨房电器及设备,null,9403200000,null,null,null,null,1500,760,800,null,厨房电器及设备,null,null,304不锈钢,null,https://renli2026.oss-cn-chengdu.aliyuncs.com/materials/%E5%8E%A8%E6%88%BF%E7%94%B5%E5%99%A8%E5%8F%8A%E8%AE%BE%E5%A4%87/KT08-GYHG-SYN-001.png,KT08-GYHG-SYN-001.png,null,null,null,2026-03-22 05:52:15.146066,2026-03-22 06:18:46.278275,1,null,null,MT01-NTBX-EQKAT-003
32,KT08-GYHG-SYK-001,厨房设备- 定制货柜 上掀门,null,2940.00,null,厨房电器及设备,null,9403200000,null,null,null,null,1500,760,800,null,厨房电器及设备,null,null,304不锈钢,null,https://renli2026.oss-cn-chengdu.aliyuncs.com/materials/%E5%8E%A8%E6%88%BF%E7%94%B5%E5%99%A8%E5%8F%8A%E8%AE%BE%E5%A4%87/KT08-GYHG-SYK-001.png,KT08-GYHG-SYK-001.png,null,null,null,2026-03-22 05:52:15.146066,2026-03-22 06:18:46.278275,1,null,null,MT01-NTBX-EQKAT-004
33,KT08-GYHG-X334-001,厨房设备- 单通碗柜,null,9044.00,null,厨房电器及设备,null,9403200000,null,null,null,null,1500,760,800,null,厨房电器及设备,null,null,304不锈钢,null,https://renli2026.oss-cn-chengdu.aliyuncs.com/materials/%E5%8E%A8%E6%88%BF%E7%94%B5%E5%99%A8%E5%8F%8A%E8%AE%BE%E5%A4%87/KT08-GYHG-X334-001.png,KT08-GYHG-X334-001.png,null,null,null,2026-03-22 05:52:15.146066,2026-03-22 06:18:46.278275,1,null,null,MT01-NTBX-EQKAT-005
34,KT08-GYHG-SNC-001,厨房设备- 单通碗柜(无报告),null,5110.00,null,厨房电器及设备,null,9403200000,null,null,null,null,1500,760,800,null,厨房电器及设备,null,null,304不锈钢,null,https://renli2026.oss-cn-chengdu.aliyuncs.com/materials/%E5%8E%A8%E6%88%BF%E7%94%B5%E5%99%A8%E5%8F%8A%E8%AE%BE%E5%A4%87/KT08-GYHG-SNC-001.png,KT08-GYHG-SNC-001.png,null,null,null,2026-03-22 05:52:15.146066,2026-03-22 06:18:46.278275,1,null,null,MT01-NTBX-EQKAT-006
35,KT08-GYHG-X7B6-001,厨房设备-炉平台,null,1050.00,null,厨房电器及设备,null,9403200000,null,null,null,null,1500,760,800,null,厨房电器及设备,null,null,304不锈钢,null,https://renli2026.oss-cn-chengdu.aliyuncs.com/materials/%E5%8E%A8%E6%88%BF%E7%94%B5%E5%99%A8%E5%8F%8A%E8%AE%BE%E5%A4%87/KT08-GYHG-X7B6-001.png,KT08-GYHG-X7B6-001.png,null,null,null,2026-03-22 05:52:15.146066,2026-03-22 06:18:46.278275,1,null,null,MT01-NTBX-EQKAT-007
36,KT08-GYHG-X5A2-001,厨房设备- 双层挂墙架,null,1820.00,null,厨房电器及设备,null,9403200000,null,null,null,null,1500,760,800,null,厨房电器及设备,null,null,304不锈钢,null,https://renli2026.oss-cn-chengdu.aliyuncs.com/materials/%E5%8E%A8%E6%88%BF%E7%94%B5%E5%99%A8%E5%8F%8A%E8%AE%BE%E5%A4%87/KT08-GYHG-X5A2-001.png,KT08-GYHG-X5A2-001.png,null,null,null,2026-03-22 05:52:15.146066,2026-03-22 06:18:46.278275,1,null,null,MT01-NTBX-EQKAT-008
37,KT08-GYHG-X89F-001,厨房设备- 双层台上架,null,840.00,null,厨房电器及设备,null,9403200000,null,null,null,null,1500,760,800,null,厨房电器及设备,null,null,304不锈钢,null,https://renli2026.oss-cn-chengdu.aliyuncs.com/materials/%E5%8E%A8%E6%88%BF%E7%94%B5%E5%99%A8%E5%8F%8A%E8%AE%BE%E5%A4%87/KT08-GYHG-X89F-001.png,KT08-GYHG-X89F-001.png,null,null,null,2026-03-22 05:52:15.146066,2026-03-22 06:18:46.278275,1,null,null,MT01-NTBX-EQKAT-009
38,KT08-GYHG-X9B9-001,厨房设备- 脏碗架,null,2352.00,null,厨房电器及设备,null,9403200000,null,null,null,null,1500,760,800,null,厨房电器及设备,null,null,304不锈钢,null,https://renli2026.oss-cn-chengdu.aliyuncs.com/materials/%E5%8E%A8%E6%88%BF%E7%94%B5%E5%99%A8%E5%8F%8A%E8%AE%BE%E5%A4%87/KT08-GYHG-X9B9-001.png,KT08-GYHG-X9B9-001.png,null,null,null,2026-03-22 05:52:15.146066,2026-03-22 06:18:46.278275,1,null,null,MT01-NTBX-EQKAT-010
39,KT08-GYHG-X645-001,厨房设备- 五层货架,null,2940.00,null,厨房电器及设备,null,9403200000,null,null,null,null,1500,760,800,null,厨房电器及设备,null,null,304不锈钢,null,https://renli2026.oss-cn-chengdu.aliyuncs.com/materials/%E5%8E%A8%E6%88%BF%E7%94%B5%E5%99%A8%E5%8F%8A%E8%AE%BE%E5%A4%87/KT08-GYHG-X645-001.png,KT08-GYHG-X645-001.png,null,null,null,2026-03-22 05:52:15.146066,2026-03-22 06:18:46.278275,1,null,null,MT01-NTBX-EQKAT-011
40,KT08-GYHG-XA75-001,厨房设备- 单星洗池柜,null,2800.00,null,厨房电器及设备,null,9403200000,null,null,null,null,1500,760,800,null,厨房电器及设备,null,null,304不锈钢,null,https://renli2026.oss-cn-chengdu.aliyuncs.com/materials/%E5%8E%A8%E6%88%BF%E7%94%B5%E5%99%A8%E5%8F%8A%E8%AE%BE%E5%A4%87/KT08-GYHG-XA75-001.png,KT08-GYHG-XA75-001.png,null,null,null,2026-03-22 05:52:15.146066,2026-03-22 06:18:46.278275,1,null,null,MT01-NTBX-EQKAT-012
41,KT08-GYHG-X4BA-001,厨房设备- 三星水池,null,3990.00,null,厨房电器及设备,null,9403200000,null,null,null,null,1500,760,800,null,厨房电器及设备,null,null,304不锈钢,null,https://renli2026.oss-cn-chengdu.aliyuncs.com/materials/%E5%8E%A8%E6%88%BF%E7%94%B5%E5%99%A8%E5%8F%8A%E8%AE%BE%E5%A4%87/KT08-GYHG-X4BA-001.png,KT08-GYHG-X4BA-001.png,null,null,null,2026-03-22 05:52:15.146066,2026-03-22 06:18:46.278275,1,null,null,MT01-NTBX-EQKAT-013
42,KT08-GYHG-X5AF-001,厨房设备- 残渣台,null,2310.00,null,厨房电器及设备,null,9403200000,null,null,null,null,1500,760,800,null,厨房电器及设备,null,null,304不锈钢,null,https://renli2026.oss-cn-chengdu.aliyuncs.com/materials/%E5%8E%A8%E6%88%BF%E7%94%B5%E5%99%A8%E5%8F%8A%E8%AE%BE%E5%A4%87/KT08-GYHG-X5AF-001.png,KT08-GYHG-X5AF-001.png,null,null,null,2026-03-22 05:52:15.146066,2026-03-22 06:18:46.278275,1,null,null,MT01-NTBX-EQKAT-014
43,KT08-GYHG-X533-001,厨房设备- 活动双层工作台,null,1680.00,null,厨房电器及设备,null,9403200000,null,null,null,null,1500,760,800,null,厨房电器及设备,null,null,304不锈钢,null,https://renli2026.oss-cn-chengdu.aliyuncs.com/materials/%E5%8E%A8%E6%88%BF%E7%94%B5%E5%99%A8%E5%8F%8A%E8%AE%BE%E5%A4%87/KT08-GYHG-X533-001.png,KT08-GYHG-X533-001.png,null,null,null,2026-03-22 05:52:15.146066,2026-03-22 06:18:46.278275,1,null,null,MT01-NTBX-EQKAT-015
44,KT08-GYHG-XE9E-001,厨房设备- 定制异性工作台,null,1610.00,null,厨房电器及设备,null,9403200000,null,null,null,null,1500,760,800,null,厨房电器及设备,null,null,304不锈钢,null,https://renli2026.oss-cn-chengdu.aliyuncs.com/materials/%E5%8E%A8%E6%88%BF%E7%94%B5%E5%99%A8%E5%8F%8A%E8%AE%BE%E5%A4%87/KT08-GYHG-XE9E-001.png,KT08-GYHG-XE9E-001.png,null,null,null,2026-03-22 05:52:15.146066,2026-03-22 06:18:46.278275,1,null,null,MT01-NTBX-EQKAT-016
45,KT08-GYHG-X851-001,厨房设备- 前置台,null,1680.00,null,厨房电器及设备,null,9403200000,null,null,null,null,1500,760,800,null,厨房电器及设备,null,null,304不锈钢,null,https://renli2026.oss-cn-chengdu.aliyuncs.com/materials/%E5%8E%A8%E6%88%BF%E7%94%B5%E5%99%A8%E5%8F%8A%E8%AE%BE%E5%A4%87/KT08-GYHG-X851-001.png,KT08-GYHG-X851-001.png,null,null,null,2026-03-22 05:52:15.146066,2026-03-22 06:18:46.278275,1,null,null,MT01-NTBX-EQKAT-017
46,KT08-GYHG-X257-001,厨房设备- 洁碟台,null,1960.00,null,厨房电器及设备,null,9403200000,null,null,null,null,1500,760,800,null,厨房电器及设备,null,null,304不锈钢,null,https://renli2026.oss-cn-chengdu.aliyuncs.com/materials/%E5%8E%A8%E6%88%BF%E7%94%B5%E5%99%A8%E5%8F%8A%E8%AE%BE%E5%A4%87/KT08-GYHG-X257-001.png,KT08-GYHG-X257-001.png,null,null,null,2026-03-22 05:52:15.146066,2026-03-22 06:18:46.278275,1,null,null,MT01-NTBX-EQKAT-018
47,KT08-GYHG-SPO-001,厨房电器- 冷藏操作台- 风冷,null,5600.00,null,厨房电器及设备,null,8516799000,null,null,null,null,1500,760,800,null,厨房电器及设备,null,null,304不锈钢,null,https://renli2026.oss-cn-chengdu.aliyuncs.com/materials/%E5%8E%A8%E6%88%BF%E7%94%B5%E5%99%A8%E5%8F%8A%E8%AE%BE%E5%A4%87/KT08-GYHG-SPO-001.png,KT08-GYHG-SPO-001.png,null,null,null,2026-03-22 05:52:15.146066,2026-03-22 06:18:46.278275,1,null,null,MT01-NTBX-EQKAT-019
48,KT08-GYHG-SPO-002,厨房电器- 冷冻操作台- 风冷,null,6020.00,null,厨房电器及设备,null,8516799000,null,null,null,null,1500,760,800,null,厨房电器及设备,null,null,304不锈钢,null,https://renli2026.oss-cn-chengdu.aliyuncs.com/materials/%E5%8E%A8%E6%88%BF%E7%94%B5%E5%99%A8%E5%8F%8A%E8%AE%BE%E5%A4%87/KT08-GYHG-SPO-002.png,KT08-GYHG-SPO-002.png,null,null,null,2026-03-22 05:52:15.146066,2026-03-22 06:18:46.278275,1,null,null,MT01-NTBX-EQKAT-020
49,KT08-GYHG-SPS-001,厨房电器- 调料台 常规款,null,37520.00,null,厨房电器及设备,null,8516799000,null,null,null,null,1500,760,800,null,厨房电器及设备,null,null,304不锈钢,null,https://renli2026.oss-cn-chengdu.aliyuncs.com/materials/%E5%8E%A8%E6%88%BF%E7%94%B5%E5%99%A8%E5%8F%8A%E8%AE%BE%E5%A4%87/KT08-GYHG-SPS-001.png,KT08-GYHG-SPS-001.png,null,null,null,2026-03-22 05:52:15.146066,2026-03-22 06:18:46.278275,1,null,null,MT01-NTBX-EQKAT-021
50,KT08-GYHG-SCX-001,厨房电器- 双门双通展示柜 1500款,null,17360.00,null,厨房电器及设备,null,8516799000,null,null,null,null,1500,760,800,null,厨房电器及设备,null,null,304不锈钢,null,https://renli2026.oss-cn-chengdu.aliyuncs.com/materials/%E5%8E%A8%E6%88%BF%E7%94%B5%E5%99%A8%E5%8F%8A%E8%AE%BE%E5%A4%87/KT08-GYHG-SCX-001.png,KT08-GYHG-SCX-001.png,null,null,null,2026-03-22 05:52:15.146066,2026-03-22 06:18:46.278275,1,null,null,MT01-NTBX-EQKAT-022
51,KT08-GYHG-KGX-001,厨房电器- 制冰机- 500KG分体式 雪花颗粒冰,null,39200.00,null,厨房电器及设备,null,8516799000,null,null,null,null,1500,760,800,null,厨房电器及设备,null,null,304不锈钢,null,https://renli2026.oss-cn-chengdu.aliyuncs.com/materials/%E5%8E%A8%E6%88%BF%E7%94%B5%E5%99%A8%E5%8F%8A%E8%AE%BE%E5%A4%87/KT08-GYHG-KGX-001.png,KT08-GYHG-KGX-001.png,null,null,null,2026-03-22 05:52:15.146066,2026-03-22 06:18:46.278275,1,null,null,MT01-NTBX-EQKAT-023
52,KT08-GYHG-SYX-001,厨房电器- 刨片机 14寸全自动台式刨片机,null,18200.00,null,厨房电器及设备,null,8516799000,null,null,null,null,1500,760,800,null,厨房电器及设备,null,null,304不锈钢,null,https://renli2026.oss-cn-chengdu.aliyuncs.com/materials/%E5%8E%A8%E6%88%BF%E7%94%B5%E5%99%A8%E5%8F%8A%E8%AE%BE%E5%A4%87/KT08-GYHG-SYX-001.png,KT08-GYHG-SYX-001.png,null,null,null,2026-03-22 05:52:15.146066,2026-03-22 06:18:46.278275,1,null,null,MT01-NTBX-EQKAT-024
53,KT08-GYHG-SQB-001,厨房电器- 高汤炉 （电),null,16520.00,null,厨房电器及设备,null,8516799000,null,null,null,null,1500,760,800,null,厨房电器及设备,null,null,304不锈钢,null,https://renli2026.oss-cn-chengdu.aliyuncs.com/materials/%E5%8E%A8%E6%88%BF%E7%94%B5%E5%99%A8%E5%8F%8A%E8%AE%BE%E5%A4%87/KT08-GYHG-SQB-001.png,KT08-GYHG-SQB-001.png,null,null,null,2026-03-22 05:52:15.146066,2026-03-22 06:18:46.278275,1,null,null,MT01-NTBX-EQKAT-025
54,KT08-GYHG-SXAA-001,厨房电器- 10层热风电烤箱(带喷雾)带底座,null,46592.00,null,厨房电器及设备,null,8516799000,null,null,null,null,1500,760,800,null,厨房电器及设备,null,null,304不锈钢,null,https://renli2026.oss-cn-chengdu.aliyuncs.com/materials/%E5%8E%A8%E6%88%BF%E7%94%B5%E5%99%A8%E5%8F%8A%E8%AE%BE%E5%A4%87/KT08-GYHG-SXAA-001.png,KT08-GYHG-SXAA-001.png,null,null,null,2026-03-22 05:52:15.146066,2026-03-22 06:18:46.278275,1,null,null,MT01-NTBX-EQKAT-026
55,KT08-GYHG-X921-001,厨房电器- 揭盖式洗碗机,null,37520.00,null,厨房电器及设备,null,8516799000,null,null,null,null,1500,760,800,null,厨房电器及设备,null,null,304不锈钢,null,https://renli2026.oss-cn-chengdu.aliyuncs.com/materials/%E5%8E%A8%E6%88%BF%E7%94%B5%E5%99%A8%E5%8F%8A%E8%AE%BE%E5%A4%87/KT08-GYHG-X921-001.png,KT08-GYHG-X921-001.png,null,null,null,2026-03-22 05:52:15.146066,2026-03-22 06:18:46.278275,1,null,null,MT01-NTBX-EQKAT-027
56,KT08-GYHG-SYD-001,厨房燃气设备 -2头煲仔炉 （燃气）,null,3136.00,null,厨房电器及设备,null,7321110000,null,null,null,null,1500,760,800,null,厨房电器及设备,null,null,304不锈钢,null,https://renli2026.oss-cn-chengdu.aliyuncs.com/materials/%E5%8E%A8%E6%88%BF%E7%94%B5%E5%99%A8%E5%8F%8A%E8%AE%BE%E5%A4%87/KT08-GYHG-SYD-001.png,KT08-GYHG-SYD-001.png,null,null,null,2026-03-22 05:52:15.146066,2026-03-22 06:18:46.278275,1,null,null,MT01-NTBX-EQKAT-028
57,KT08-GYHG-XF47-001,厨房燃气设备- 冒菜桶,null,2800.00,null,厨房电器及设备,null,7321110000,null,null,null,null,1500,760,800,null,厨房电器及设备,null,null,304不锈钢,null,https://renli2026.oss-cn-chengdu.aliyuncs.com/materials/%E5%8E%A8%E6%88%BF%E7%94%B5%E5%99%A8%E5%8F%8A%E8%AE%BE%E5%A4%87/KT08-GYHG-XF47-001.png,KT08-GYHG-XF47-001.png,null,null,null,2026-03-22 05:52:15.146066,2026-03-22 06:18:46.278275,1,null,null,MT01-NTBX-EQKAT-029
58,KT08-GYHG-X31D-001,厨房燃气设备-蒸包炉,null,null,null,厨房电器及设备,null,7321110000,null,null,null,null,1500,760,800,null,厨房电器及设备,null,null,304不锈钢,null,https://renli2026.oss-cn-chengdu.aliyuncs.com/materials/%E5%8E%A8%E6%88%BF%E7%94%B5%E5%99%A8%E5%8F%8A%E8%AE%BE%E5%A4%87/KT08-GYHG-X31D-001.png,KT08-GYHG-X31D-001.png,null,null,null,2026-03-22 05:52:15.146066,2026-03-22 06:18:46.278275,1,null,null,MT01-NTBX-EQKAT-030
59,KT08-GYHG-XE88-001,厨房燃气设备-蒸炉,null,null,null,厨房电器及设备,null,7321110000,null,null,null,null,1500,760,800,null,厨房电器及设备,null,null,304不锈钢,null,https://renli2026.oss-cn-chengdu.aliyuncs.com/materials/%E5%8E%A8%E6%88%BF%E7%94%B5%E5%99%A8%E5%8F%8A%E8%AE%BE%E5%A4%87/KT08-GYHG-XE88-001.png,KT08-GYHG-XE88-001.png,null,null,null,2026-03-22 05:52:15.146066,2026-03-22 06:18:46.278275,1,null,null,MT01-NTBX-EQKAT-031
60,KT08-GYHG-XA37-001,厨房电器- 台式切片机,null,null,null,厨房电器及设备,null,8438500000,null,null,null,null,1500,760,800,null,厨房电器及设备,null,null,304不锈钢,null,https://renli2026.oss-cn-chengdu.aliyuncs.com/materials/%E5%8E%A8%E6%88%BF%E7%94%B5%E5%99%A8%E5%8F%8A%E8%AE%BE%E5%A4%87/KT08-GYHG-XA37-001.png,KT08-GYHG-XA37-001.png,null,null,null,2026-03-22 05:52:15.146066,2026-03-22 06:18:46.278275,1,null,null,MT01-NTBX-EQKAT-032
61,KT08-GYHG-X973-001,厨房电器- 落地式切片机,null,null,null,厨房电器及设备,null,8438500000,null,null,null,null,1500,760,800,null,厨房电器及设备,null,null,304不锈钢,null,https://renli2026.oss-cn-chengdu.aliyuncs.com/materials/%E5%8E%A8%E6%88%BF%E7%94%B5%E5%99%A8%E5%8F%8A%E8%AE%BE%E5%A4%87/KT08-GYHG-X973-001.png,KT08-GYHG-X973-001.png,null,null,null,2026-03-22 05:52:15.146066,2026-03-22 06:18:46.278275,1,null,null,MT01-NTBX-EQKAT-033
62,KT08-GYHG-X497-001,厨房电器- 长龙式通道洗碗机,null,null,null,厨房电器及设备,null,8516799000,null,null,null,null,1500,760,800,null,厨房电器及设备,null,null,304不锈钢,null,https://renli2026.oss-cn-chengdu.aliyuncs.com/materials/%E5%8E%A8%E6%88%BF%E7%94%B5%E5%99%A8%E5%8F%8A%E8%AE%BE%E5%A4%87/KT08-GYHG-X497-001.png,KT08-GYHG-X497-001.png,null,null,null,2026-03-22 05:52:15.146066,2026-03-22 06:18:46.278275,1,null,null,MT01-NTBX-EQKAT-034
63,KT08-GYHG-SYA-001,厨房电器- 24盘蒸饭车（智能电脑版）,null,null,null,厨房电器及设备,null,8516799000,null,null,null,null,1500,760,800,null,厨房电器及设备,null,null,304不锈钢,null,https://renli2026.oss-cn-chengdu.aliyuncs.com/materials/%E5%8E%A8%E6%88%BF%E7%94%B5%E5%99%A8%E5%8F%8A%E8%AE%BE%E5%A4%87/KT08-GYHG-SYA-001.png,KT08-GYHG-SYA-001.png,null,null,null,2026-03-22 05:52:15.146066,2026-03-22 06:18:46.278275,1,null,null,MT01-NTBX-EQKAT-035
64,TI02-GYHG-TIFGW-001,地砖- 灰色通体仿古砖,null,59.00,块,墙地瓷砖制品,帝泓,6904900000,null,null,null,null,600,1200,10.0,null,墙地瓷砖制品,null,null,null,null,https://renli2026.oss-cn-chengdu.aliyuncs.com/materials/%E5%A2%99%E5%9C%B0%E7%93%B7%E7%A0%96%E5%88%B6%E5%93%81/TI02-GYHG-TIFGW-001.png,TI02-GYHG-TIFGW-001.png,null,null,null,2026-03-22 05:52:15.146066,2026-03-22 06:18:46.278275,1,null,null,CE04-GYHG-FDFLT-001
65,TI02-GYHG-TIYAG-001,地砖- 灰色哑光砖,null,22.00,块,墙地瓷砖制品,陶故事,6907219000,null,null,null,null,600,600,0.8,null,墙地瓷砖制品,null,null,null,null,https://renli2026.oss-cn-chengdu.aliyuncs.com/materials/%E5%A2%99%E5%9C%B0%E7%93%B7%E7%A0%96%E5%88%B6%E5%93%81/TI02-GYHG-TIYAG-001.png,TI02-GYHG-TIYAG-001.png,null,null,null,2026-03-22 05:52:15.146066,2026-03-22 06:18:46.278275,1,null,null,CE04-GYHG-FDFLT-002
66,TI02-GYHG-TIDG-001,地砖- 吸水砖,null,6.00,块,墙地瓷砖制品,富盛,6907239000,null,null,null,null,300,300,10.0,null,墙地瓷砖制品,null,null,null,null,https://renli2026.oss-cn-chengdu.aliyuncs.com/materials/%E5%A2%99%E5%9C%B0%E7%93%B7%E7%A0%96%E5%88%B6%E5%93%81/TI02-GYHG-TIDG-001.png,TI02-GYHG-TIDG-001.png,null,null,null,2026-03-22 05:52:15.146066,2026-03-22 06:18:46.278275,1,null,null,CE04-GYHG-FDFLT-003
67,TI02-GYHG-X843-001,墙砖- 白色格子,null,10.00,块,墙地瓷砖制品,米拉迪之家,6904100000,null,null,null,null,300,600,0.8,null,墙地瓷砖制品,null,null,null,null,https://renli2026.oss-cn-chengdu.aliyuncs.com/materials/%E5%A2%99%E5%9C%B0%E7%93%B7%E7%A0%96%E5%88%B6%E5%93%81/TI02-GYHG-X843-001.png,TI02-GYHG-X843-001.png,null,null,null,2026-03-22 05:52:15.146066,2026-03-22 06:18:46.278275,1,null,null,CE04-WHTZ-WDWLT-001
69,WD08-GYHG-X4BB-001,装饰结构 - 美人靠,null,null,个,定制中式建筑结构,仁力烨升自品牌,6810919000,null,null,null,null,依据图纸确定,依据图纸确定,依据图纸确定,null,定制中式建筑结构,null,null,胶合木樟子松,null,https://renli2026.oss-cn-chengdu.aliyuncs.com/materials/%E5%AE%9A%E5%88%B6%E4%B8%AD%E5%BC%8F%E5%BB%BA%E7%AD%91%E7%BB%93%E6%9E%84/WD08-GYHG-X4BB-001.png,WD08-GYHG-X4BB-001.png,null,null,null,2026-03-22 05:52:15.146066,2026-03-22 06:18:46.278275,1,null,null,CE01-GYHG-ABHRG-001
70,WD08-GYHG-X288-001,镶板-普通板,null,null,个,定制中式建筑结构,仁力烨升自品牌,4418990090,null,null,null,null,依据图纸确定,依据图纸确定,依据图纸确定,null,定制中式建筑结构,null,null,胶合木樟子松,null,https://renli2026.oss-cn-chengdu.aliyuncs.com/materials/%E5%AE%9A%E5%88%B6%E4%B8%AD%E5%BC%8F%E5%BB%BA%E7%AD%91%E7%BB%93%E6%9E%84/WD08-GYHG-X288-001.png,WD08-GYHG-X288-001.png,null,null,null,2026-03-22 05:52:15.146066,2026-03-22 06:18:46.278275,1,null,null,CE01-GYHG-ABRTL-001
71,WD08-GYHG-X6F5-001,格窗-普通格窗,null,null,个,定制中式建筑结构,仁力烨升自品牌,4418990090,null,null,null,null,依据图纸确定,依据图纸确定,依据图纸确定,null,定制中式建筑结构,null,null,樟子松,null,https://renli2026.oss-cn-chengdu.aliyuncs.com/materials/%E5%AE%9A%E5%88%B6%E4%B8%AD%E5%BC%8F%E5%BB%BA%E7%AD%91%E7%BB%93%E6%9E%84/WD08-GYHG-X6F5-001.png,WD08-GYHG-X6F5-001.png,null,null,null,2026-03-22 05:52:15.146066,2026-03-22 06:18:46.278275,1,null,null,WD012-WDAM-ABBAL-002
72,WD08-GYHG-X14A-001,锤莲柱-莲花型,null,null,个,定制中式建筑结构,仁力烨升自品牌,4418990090,null,null,null,null,依据图纸确定,依据图纸确定,依据图纸确定,null,定制中式建筑结构,null,null,胶合木樟子松,null,https://renli2026.oss-cn-chengdu.aliyuncs.com/materials/%E5%AE%9A%E5%88%B6%E4%B8%AD%E5%BC%8F%E5%BB%BA%E7%AD%91%E7%BB%93%E6%9E%84/WD08-GYHG-X14A-001.png,WD08-GYHG-X14A-001.png,null,null,null,2026-03-22 05:52:15.146066,2026-03-22 06:18:46.278275,1,null,null,WD012-WDAM-ABCOR-001
73,WD08-GYHG-XEC1-001,撑弓-龙戏珠,null,null,个,定制中式建筑结构,仁力烨升自品牌,4418990090,null,null,null,null,依据图纸确定,依据图纸确定,依据图纸确定,null,定制中式建筑结构,null,null,胶合木樟子松,null,https://renli2026.oss-cn-chengdu.aliyuncs.com/materials/%E5%AE%9A%E5%88%B6%E4%B8%AD%E5%BC%8F%E5%BB%BA%E7%AD%91%E7%BB%93%E6%9E%84/WD08-GYHG-XEC1-001.png,WD08-GYHG-XEC1-001.png,null,null,null,2026-03-22 05:52:15.146066,2026-03-22 06:18:46.278275,1,null,null,WD012-WDAM-ABCOR-002
74,WD08-GYHG-XE63-001,矮隔断-普通款,null,null,个,定制中式建筑结构,仁力烨升自品牌,6810919000,null,null,null,null,依据图纸确定,依据图纸确定,依据图纸确定,null,定制中式建筑结构,null,null,胶合木樟子松,null,https://renli2026.oss-cn-chengdu.aliyuncs.com/materials/%E5%AE%9A%E5%88%B6%E4%B8%AD%E5%BC%8F%E5%BB%BA%E7%AD%91%E7%BB%93%E6%9E%84/WD08-GYHG-XE63-001.png,WD08-GYHG-XE63-001.png,null,null,null,2026-03-22 05:52:15.146066,2026-03-22 06:18:46.278275,1,null,null,WD012-WDAM-ABCOR-003
75,WD08-GYHG-X7E7-001,挂落- 大雕花挂落,null,null,个,定制中式建筑结构,仁力烨升自品牌,4418990090,null,null,null,null,依据图纸确定,依据图纸确定,依据图纸确定,null,定制中式建筑结构,null,null,胶合木樟子松,null,https://renli2026.oss-cn-chengdu.aliyuncs.com/materials/%E5%AE%9A%E5%88%B6%E4%B8%AD%E5%BC%8F%E5%BB%BA%E7%AD%91%E7%BB%93%E6%9E%84/WD08-GYHG-X7E7-001.png,WD08-GYHG-X7E7-001.png,null,null,null,2026-03-22 05:52:15.146066,2026-03-22 06:18:46.278275,1,null,null,WD012-WDAM-ABCOR-004
76,WD08-GYHG-X845-001,格窗-镶板格窗,null,null,个,定制中式建筑结构,仁力烨升自品牌,4418990090,null,null,null,null,依据图纸确定,依据图纸确定,依据图纸确定,null,定制中式建筑结构,null,null,胶合木樟子松,null,https://renli2026.oss-cn-chengdu.aliyuncs.com/materials/%E5%AE%9A%E5%88%B6%E4%B8%AD%E5%BC%8F%E5%BB%BA%E7%AD%91%E7%BB%93%E6%9E%84/WD08-GYHG-X845-001.png,WD08-GYHG-X845-001.png,null,null,null,2026-03-22 05:52:15.146066,2026-03-22 06:18:46.278275,1,null,null,WD012-WDAM-ABFHS-001
77,WD08-GYHG-XA82-001,门-双开门,null,null,个,定制中式建筑结构,仁力烨升自品牌,6810919000,null,null,null,null,依据图纸确定,依据图纸确定,依据图纸确定,null,定制中式建筑结构,null,null,胶合木樟子松,null,https://renli2026.oss-cn-chengdu.aliyuncs.com/materials/%E5%AE%9A%E5%88%B6%E4%B8%AD%E5%BC%8F%E5%BB%BA%E7%AD%91%E7%BB%93%E6%9E%84/WD08-GYHG-XA82-001.png,WD08-GYHG-XA82-001.png,null,null,null,2026-03-22 05:52:15.146066,2026-03-22 06:18:46.278275,1,null,null,WD012-WDAM-ABHOC-001
78,WD08-GYHG-X094-001,普通牌匾-卡座牌匾,null,null,个,定制中式建筑结构,仁力烨升自品牌,4418990090,null,null,null,null,依据图纸确定,依据图纸确定,依据图纸确定,null,定制中式建筑结构,null,null,胶合木樟子松,null,https://renli2026.oss-cn-chengdu.aliyuncs.com/materials/%E5%AE%9A%E5%88%B6%E4%B8%AD%E5%BC%8F%E5%BB%BA%E7%AD%91%E7%BB%93%E6%9E%84/WD08-GYHG-X094-001.png,WD08-GYHG-X094-001.png,null,null,null,2026-03-22 05:52:15.146066,2026-03-22 06:18:46.278275,1,null,null,WD012-WDAM-ABLIT-001
79,WD08-GYHG-X95E-001,木梁-雕花梁,null,null,个,定制中式建筑结构,仁力烨升自品牌,4418990090,null,null,null,null,依据图纸确定,依据图纸确定,依据图纸确定,null,定制中式建筑结构,null,null,胶合木樟子松,null,https://renli2026.oss-cn-chengdu.aliyuncs.com/materials/%E5%AE%9A%E5%88%B6%E4%B8%AD%E5%BC%8F%E5%BB%BA%E7%AD%91%E7%BB%93%E6%9E%84/WD08-GYHG-X95E-001.png,WD08-GYHG-X95E-001.png,null,null,null,2026-03-22 05:52:15.146066,2026-03-22 06:18:46.278275,1,null,null,WD012-WDAM-ABPED-004
80,WD08-GYHG-XB9A-001,基础古建结构-椽,null,null,个,定制中式建筑结构,仁力烨升自品牌,4418990090,null,null,null,null,依据图纸确定,依据图纸确定,依据图纸确定,null,定制中式建筑结构,null,null,胶合木樟子松,null,https://renli2026.oss-cn-chengdu.aliyuncs.com/materials/%E5%AE%9A%E5%88%B6%E4%B8%AD%E5%BC%8F%E5%BB%BA%E7%AD%91%E7%BB%93%E6%9E%84/WD08-GYHG-XB9A-001.png,WD08-GYHG-XB9A-001.png,null,null,null,2026-03-22 05:52:15.146066,2026-03-22 06:18:46.278275,1,null,null,WD012-WDAM-ABPED-005
81,WD08-GYHG-XDD9-001,基础古建结构 四分之一圆立柱,null,null,根,定制中式建筑结构,仁力烨升自品牌,4418990090,null,null,null,null,依据图纸确定,依据图纸确定,依据图纸确定,null,定制中式建筑结构,null,null,胶合木樟子松,null,https://renli2026.oss-cn-chengdu.aliyuncs.com/materials/%E5%AE%9A%E5%88%B6%E4%B8%AD%E5%BC%8F%E5%BB%BA%E7%AD%91%E7%BB%93%E6%9E%84/WD08-GYHG-XDD9-001.png,WD08-GYHG-XDD9-001.png,null,null,null,2026-03-22 05:52:15.146066,2026-03-22 06:18:46.278275,1,null,null,WD012-WDAM-ABWPS-001
82,WD08-GYHG-X9E4-001,雕刻角花,null,null,个,定制中式建筑结构,仁力烨升自品牌,4418990090,null,null,null,null,依据图纸确定,依据图纸确定,依据图纸确定,null,定制中式建筑结构,null,null,胶合木樟子松,null,https://renli2026.oss-cn-chengdu.aliyuncs.com/materials/%E5%AE%9A%E5%88%B6%E4%B8%AD%E5%BC%8F%E5%BB%BA%E7%AD%91%E7%BB%93%E6%9E%84/WD08-GYHG-X9E4-001.png,WD08-GYHG-X9E4-001.png,null,null,null,2026-03-22 05:52:15.146066,2026-03-22 06:18:46.278275,1,null,null,WD08-WDAM-ABBEA-001
83,WD08-GYHG-X02A-001,基础古建结构搏风板,null,null,个,定制中式建筑结构,仁力烨升自品牌,4418990090,null,null,null,null,依据图纸确定,依据图纸确定,依据图纸确定,null,定制中式建筑结构,null,null,胶合木樟子松,null,https://renli2026.oss-cn-chengdu.aliyuncs.com/materials/%E5%AE%9A%E5%88%B6%E4%B8%AD%E5%BC%8F%E5%BB%BA%E7%AD%91%E7%BB%93%E6%9E%84/WD08-GYHG-X02A-001.png,WD08-GYHG-X02A-001.png,null,null,null,2026-03-22 05:52:15.146066,2026-03-22 06:18:46.278275,1,null,null,WD08-WDAM-ABCOD-001
84,WD08-GYHG-X464-001,高隔断- 镂空雕花双夹,null,null,个,定制中式建筑结构,仁力烨升自品牌,6810919000,null,null,null,null,依据图纸确定,依据图纸确定,依据图纸确定,null,定制中式建筑结构,null,null,樟子松,null,https://renli2026.oss-cn-chengdu.aliyuncs.com/materials/%E5%AE%9A%E5%88%B6%E4%B8%AD%E5%BC%8F%E5%BB%BA%E7%AD%91%E7%BB%93%E6%9E%84/WD08-GYHG-X464-001.png,WD08-GYHG-X464-001.png,null,null,null,2026-03-22 05:52:15.146066,2026-03-22 06:18:46.278275,1,null,null,WD08-WDAM-ABCOL-001
86,WD08-GYHG-X802-001,副窗-格子,null,null,个,定制中式建筑结构,仁力烨升自品牌,6810919000,null,null,null,null,依据图纸确定,依据图纸确定,依据图纸确定,null,定制中式建筑结构,null,null,胶合木樟子松,null,https://renli2026.oss-cn-chengdu.aliyuncs.com/materials/%E5%AE%9A%E5%88%B6%E4%B8%AD%E5%BC%8F%E5%BB%BA%E7%AD%91%E7%BB%93%E6%9E%84/WD08-GYHG-X802-001.png,WD08-GYHG-X802-001.png,null,null,null,2026-03-22 05:52:15.146066,2026-03-22 06:18:46.278275,1,null,null,WD08-WDAM-ABCOL-004
87,WD08-GYHG-X64B-001,发光牌匾-斗匾,null,null,个,定制中式建筑结构,仁力烨升自品牌,9405610000,null,null,null,null,依据图纸确定,依据图纸确定,依据图纸确定,null,定制中式建筑结构,null,null,胶合木樟子松,null,https://renli2026.oss-cn-chengdu.aliyuncs.com/materials/%E5%AE%9A%E5%88%B6%E4%B8%AD%E5%BC%8F%E5%BB%BA%E7%AD%91%E7%BB%93%E6%9E%84/WD08-GYHG-X64B-001.png,WD08-GYHG-X64B-001.png,null,null,null,2026-03-22 05:52:15.146066,2026-03-22 06:18:46.278275,1,null,null,WD08-WDAM-ABGEB-001
88,WD08-GYHG-X4D6-001,门-子母门,null,null,个,定制中式建筑结构,仁力烨升自品牌,6810919000,null,null,null,null,依据图纸确定,依据图纸确定,依据图纸确定,null,定制中式建筑结构,null,null,胶合木樟子松,null,https://renli2026.oss-cn-chengdu.aliyuncs.com/materials/%E5%AE%9A%E5%88%B6%E4%B8%AD%E5%BC%8F%E5%BB%BA%E7%AD%91%E7%BB%93%E6%9E%84/WD08-GYHG-X4D6-001.png,WD08-GYHG-X4D6-001.png,null,null,null,2026-03-22 05:52:15.146066,2026-03-22 06:18:46.278275,1,null,null,WD08-WDAM-ABHLC-001
90,WD08-GYHG-XF75-001,基础古建结构包金柱,null,null,个,定制中式建筑结构,仁力烨升自品牌,6810919000,null,null,null,null,依据图纸确定,依据图纸确定,依据图纸确定,null,定制中式建筑结构,null,null,胶合木樟子松,null,https://renli2026.oss-cn-chengdu.aliyuncs.com/materials/%E5%AE%9A%E5%88%B6%E4%B8%AD%E5%BC%8F%E5%BB%BA%E7%AD%91%E7%BB%93%E6%9E%84/WD08-GYHG-XF75-001.png,WD08-GYHG-XF75-001.png,null,null,null,2026-03-22 05:52:15.146066,2026-03-22 06:18:46.278275,1,null,null,WD08-WDAM-ABIPL-001
91,WD08-GYHG-XA6F-001,基础古建结构-檩,null,null,个,定制中式建筑结构,仁力烨升自品牌,4418990090,null,null,null,null,依据图纸确定,依据图纸确定,依据图纸确定,null,定制中式建筑结构,null,null,胶合木樟子松,null,https://renli2026.oss-cn-chengdu.aliyuncs.com/materials/%E5%AE%9A%E5%88%B6%E4%B8%AD%E5%BC%8F%E5%BB%BA%E7%AD%91%E7%BB%93%E6%9E%84/WD08-GYHG-XA6F-001.png,WD08-GYHG-XA6F-001.png,null,null,null,2026-03-22 05:52:15.146066,2026-03-22 06:18:46.278275,1,null,null,WD08-WDAM-ABLAT-002
92,WD08-GYHG-XA80-001,木梁-普通木梁,null,null,个,定制中式建筑结构,仁力烨升自品牌,4418990090,null,null,null,null,依据图纸确定,依据图纸确定,依据图纸确定,null,定制中式建筑结构,null,null,胶合木樟子松,null,https://renli2026.oss-cn-chengdu.aliyuncs.com/materials/%E5%AE%9A%E5%88%B6%E4%B8%AD%E5%BC%8F%E5%BB%BA%E7%AD%91%E7%BB%93%E6%9E%84/WD08-GYHG-XA80-001.png,WD08-GYHG-XA80-001.png,null,null,null,2026-03-22 05:52:15.146066,2026-03-22 06:18:46.278275,1,null,null,WD08-WDAM-ABSQR-001
93,WD08-GYHG-XC56-001,门-单开门,null,null,个,定制中式建筑结构,仁力烨升自品牌,6810919000,null,null,null,null,依据图纸确定,依据图纸确定,依据图纸确定,null,定制中式建筑结构,null,null,胶合木樟子松,null,https://renli2026.oss-cn-chengdu.aliyuncs.com/materials/%E5%AE%9A%E5%88%B6%E4%B8%AD%E5%BC%8F%E5%BB%BA%E7%AD%91%E7%BB%93%E6%9E%84/WD08-GYHG-XC56-001.png,WD08-GYHG-XC56-001.png,null,null,null,2026-03-22 05:52:15.146066,2026-03-22 06:18:46.278275,1,null,null,WD08-WDAM-ABTAB-001
94,WD08-GYHG-XBB7-001,门- 黑漆彩绘大门,null,null,个,定制中式建筑结构,仁力烨升自品牌,6810919000,null,null,null,null,依据图纸确定,依据图纸确定,依据图纸确定,null,定制中式建筑结构,null,null,胶合木樟子松,null,https://renli2026.oss-cn-chengdu.aliyuncs.com/materials/%E5%AE%9A%E5%88%B6%E4%B8%AD%E5%BC%8F%E5%BB%BA%E7%AD%91%E7%BB%93%E6%9E%84/WD08-GYHG-XBB7-001.png,WD08-GYHG-XBB7-001.png,null,null,null,2026-03-22 05:52:15.146066,2026-03-22 06:18:46.278275,1,null,null,WD08-WDAM-ABTAB-002
95,WD08-GYHG-X970-001,挂落- 小雕花挂落,null,null,个,定制中式建筑结构,仁力烨升自品牌,4418990090,null,null,null,null,依据图纸确定,依据图纸确定,依据图纸确定,null,定制中式建筑结构,null,null,胶合木樟子松,null,https://renli2026.oss-cn-chengdu.aliyuncs.com/materials/%E5%AE%9A%E5%88%B6%E4%B8%AD%E5%BC%8F%E5%BB%BA%E7%AD%91%E7%BB%93%E6%9E%84/WD08-GYHG-X970-001.png,WD08-GYHG-X970-001.png,null,null,null,2026-03-22 05:52:15.146066,2026-03-22 06:18:46.278275,1,null,null,WD08-WDAM-WBWPS-001
96,FN06-GYHG-X7DA-001,鱼缸,null,257.00,null,定制活动家具及软装物料,仁力烨升自品牌,6913100000,null,null,null,null,300,300,200,null,定制活动家具及软装物料,null,null,陶瓷,null,https://renli2026.oss-cn-chengdu.aliyuncs.com/materials/%E5%AE%9A%E5%88%B6%E6%B4%BB%E5%8A%A8%E5%AE%B6%E5%85%B7%E5%8F%8A%E8%BD%AF%E8%A3%85%E7%89%A9%E6%96%99/FN06-GYHG-X7DA-001.png,FN06-GYHG-X7DA-001.png,null,null,null,2026-03-22 05:52:15.146066,2026-03-22 06:18:46.278275,1,null,null,CE02-HMWI-FFAOR-001
98,FN06-GYHG-XCB8-001,门帘-人造皮革,null,null,null,定制活动家具及软装物料,仁力烨升自品牌,3921121000,null,null,null,null,依据图纸确定,依据图纸确定,依据图纸确定,null,定制活动家具及软装物料,null,null,PVC 发泡人造革,null,https://renli2026.oss-cn-chengdu.aliyuncs.com/materials/%E5%AE%9A%E5%88%B6%E6%B4%BB%E5%8A%A8%E5%AE%B6%E5%85%B7%E5%8F%8A%E8%BD%AF%E8%A3%85%E7%89%A9%E6%96%99/FN06-GYHG-XCB8-001.png,FN06-GYHG-XCB8-001.png,null,null,null,2026-03-22 05:52:15.146066,2026-03-22 06:18:46.278275,1,null,null,RDEH FB07-MFCCU-001
99,FN06-GYHG-X469-001,挂画-普通挂画,null,1440.00,null,定制活动家具及软装物料,仁力烨升自品牌,8306300000,null,null,null,null,1200,800,20,null,定制活动家具及软装物料,null,null,木框+画布,null,https://renli2026.oss-cn-chengdu.aliyuncs.com/materials/%E5%AE%9A%E5%88%B6%E6%B4%BB%E5%8A%A8%E5%AE%B6%E5%85%B7%E5%8F%8A%E8%BD%AF%E8%A3%85%E7%89%A9%E6%96%99/FN06-GYHG-X469-001.png,FN06-GYHG-X469-001.png,null,null,null,2026-03-22 05:52:15.146066,2026-03-22 06:18:46.278275,1,null,null,RDEH FB07-MFHGB-001
100,FN06-GYHG-X837-001,挂画-包间牌匾,null,979.00,null,定制活动家具及软装物料,仁力烨升自品牌,8306300000,null,null,null,null,1390,450,20,null,定制活动家具及软装物料,null,null,木框+画布,null,https://renli2026.oss-cn-chengdu.aliyuncs.com/materials/%E5%AE%9A%E5%88%B6%E6%B4%BB%E5%8A%A8%E5%AE%B6%E5%85%B7%E5%8F%8A%E8%BD%AF%E8%A3%85%E7%89%A9%E6%96%99/FN06-GYHG-X837-001.png,FN06-GYHG-X837-001.png,null,null,null,2026-03-22 05:52:15.146066,2026-03-22 06:18:46.278275,1,null,null,RDEH FB07-MFHGB-002
101,FN06-GYHG-X162-001,桌椅-单椅,null,378.00,null,定制活动家具及软装物料,仁力烨升自品牌,9403300090,null,null,null,null,450,450,850,null,定制活动家具及软装物料,null,null,木+漆+石材,null,https://renli2026.oss-cn-chengdu.aliyuncs.com/materials/%E5%AE%9A%E5%88%B6%E6%B4%BB%E5%8A%A8%E5%AE%B6%E5%85%B7%E5%8F%8A%E8%BD%AF%E8%A3%85%E7%89%A9%E6%96%99/FN06-GYHG-X162-001.png,FN06-GYHG-X162-001.png,null,null,null,2026-03-22 05:52:15.146066,2026-03-22 06:18:46.278275,1,null,null,WD08-WDAM-MFCHR-001
102,FN06-GYHG-X71E-001,桌椅-双人椅,null,1539.00,null,定制活动家具及软装物料,仁力烨升自品牌,9403300090,null,null,null,null,420,860,1200,null,定制活动家具及软装物料,null,null,木+漆+石材,null,https://renli2026.oss-cn-chengdu.aliyuncs.com/materials/%E5%AE%9A%E5%88%B6%E6%B4%BB%E5%8A%A8%E5%AE%B6%E5%85%B7%E5%8F%8A%E8%BD%AF%E8%A3%85%E7%89%A9%E6%96%99/FN06-GYHG-X71E-001.png,FN06-GYHG-X71E-001.png,null,null,null,2026-03-22 05:52:15.146066,2026-03-22 06:18:46.278275,1,null,null,WD08-WDAM-MFCHR-002
103,FN06-GYHG-X788-001,桌椅-龙椅,null,3915.00,null,定制活动家具及软装物料,仁力烨升自品牌,9403300090,null,null,null,null,2300,550,1650,null,定制活动家具及软装物料,null,null,木+漆+石材,null,https://renli2026.oss-cn-chengdu.aliyuncs.com/materials/%E5%AE%9A%E5%88%B6%E6%B4%BB%E5%8A%A8%E5%AE%B6%E5%85%B7%E5%8F%8A%E8%BD%AF%E8%A3%85%E7%89%A9%E6%96%99/FN06-GYHG-X788-001.png,FN06-GYHG-X788-001.png,null,null,null,2026-03-22 05:52:15.146066,2026-03-22 06:18:46.278275,1,null,null,WD08-WDAM-MFCHR-003
104,FN06-GYHG-X139-001,桌椅-圆桌,null,1887.00,null,定制活动家具及软装物料,仁力烨升自品牌,9403300090,null,null,null,null,1600,1600,750,null,定制活动家具及软装物料,null,null,木+漆+石材,null,https://renli2026.oss-cn-chengdu.aliyuncs.com/materials/%E5%AE%9A%E5%88%B6%E6%B4%BB%E5%8A%A8%E5%AE%B6%E5%85%B7%E5%8F%8A%E8%BD%AF%E8%A3%85%E7%89%A9%E6%96%99/FN06-GYHG-X139-001.png,FN06-GYHG-X139-001.png,null,null,null,2026-03-22 05:52:15.146066,2026-03-22 06:18:46.278275,1,null,null,WD08-WDAM-MFTBL-001
105,FN06-GYHG-XBDE-001,桌椅-方桌,null,1148.00,null,定制活动家具及软装物料,仁力烨升自品牌,9403300090,null,null,null,null,1200,1200,750,null,定制活动家具及软装物料,null,null,木+漆+石材,null,https://renli2026.oss-cn-chengdu.aliyuncs.com/materials/%E5%AE%9A%E5%88%B6%E6%B4%BB%E5%8A%A8%E5%AE%B6%E5%85%B7%E5%8F%8A%E8%BD%AF%E8%A3%85%E7%89%A9%E6%96%99/FN06-GYHG-XBDE-001.png,FN06-GYHG-XBDE-001.png,null,null,null,2026-03-22 05:52:15.146066,2026-03-22 06:18:46.278275,1,null,null,WD08-WDAM-MFTBL-002
106,FN06-GYHG-X7ED-001,桌椅-条桌,null,1013.00,null,定制活动家具及软装物料,仁力烨升自品牌,9403300090,null,null,null,null,1200,900,750,null,定制活动家具及软装物料,null,null,木+漆+石材,null,https://renli2026.oss-cn-chengdu.aliyuncs.com/materials/%E5%AE%9A%E5%88%B6%E6%B4%BB%E5%8A%A8%E5%AE%B6%E5%85%B7%E5%8F%8A%E8%BD%AF%E8%A3%85%E7%89%A9%E6%96%99/FN06-GYHG-X7ED-001.png,FN06-GYHG-X7ED-001.png,null,null,null,2026-03-22 05:52:15.146066,2026-03-22 06:18:46.278275,1,null,null,WD08-WDAM-MFTBL-003
107,FN06-GYHG-X1DC-001,桌椅-菜架,null,297.00,null,定制活动家具及软装物料,仁力烨升自品牌,9403300090,null,null,null,null,300,700,800,null,定制活动家具及软装物料,null,null,木+漆+石材,null,https://renli2026.oss-cn-chengdu.aliyuncs.com/materials/%E5%AE%9A%E5%88%B6%E6%B4%BB%E5%8A%A8%E5%AE%B6%E5%85%B7%E5%8F%8A%E8%BD%AF%E8%A3%85%E7%89%A9%E6%96%99/FN06-GYHG-X1DC-001.png,FN06-GYHG-X1DC-001.png,null,null,null,2026-03-22 05:52:15.146066,2026-03-22 06:18:46.278275,1,null,null,WD08-WDAM-MFTBL-004
108,FN06-GYHG-X8CE-001,桌椅-迎宾台,null,null,null,定制活动家具及软装物料,仁力烨升自品牌,9403300090,null,null,null,null,依据图纸确定,依据图纸确定,依据图纸确定,null,定制活动家具及软装物料,null,null,木+漆+石材,null,https://renli2026.oss-cn-chengdu.aliyuncs.com/materials/%E5%AE%9A%E5%88%B6%E6%B4%BB%E5%8A%A8%E5%AE%B6%E5%85%B7%E5%8F%8A%E8%BD%AF%E8%A3%85%E7%89%A9%E6%96%99/FN06-GYHG-X8CE-001.png,FN06-GYHG-X8CE-001.png,null,null,null,2026-03-22 05:52:15.146066,2026-03-22 06:18:46.278275,1,null,null,WD08-WDAM-MFTBL-005
109,FG05-GYHG-XE1E-001,定制艺术品 -龙头,null,null,依据图纸确定,定制玻璃钢雕塑,仁力烨升自品牌,3926400000,null,null,null,null,依据图纸确定,依据图纸确定,依据图纸确定,null,定制玻璃钢雕塑,null,null,玻璃钢,null,https://renli2026.oss-cn-chengdu.aliyuncs.com/materials/%E5%AE%9A%E5%88%B6%E7%8E%BB%E7%92%83%E9%92%A2%E9%9B%95%E5%A1%91/FG05-GYHG-XE1E-001.png,FG05-GYHG-XE1E-001.png,null,null,null,2026-03-22 05:52:15.146066,2026-03-22 06:18:46.278275,1,null,null,CMO4-MEGT-CACAW-001
167,ST07-GYHG-X131-001,台面大理石,null,null,null,定制石材制品,天然大理石,6802211000.0,null,null,null,null,null,null,null,null,null,null,null,null,null,https://renli2026.oss-cn-chengdu.aliyuncs.com/materials/%E5%AE%9A%E5%88%B6%E7%9F%B3%E6%9D%90%E5%88%B6%E5%93%81/ST07-GYHG-X131-001.png,ST07-GYHG-X131-001.png,null,null,null,2026-03-22 06:01:57.35817,2026-03-22 06:18:46.278275,1,null,null,ST01-BKCH-FFFIN-001
163,ST07-GYHG-XC30-001,方形雕花柱础,null,null,null,定制石材制品,黑砂石,null,null,null,null,null,null,null,null,null,null,null,null,null,null,https://renli2026.oss-cn-chengdu.aliyuncs.com/materials/%E5%AE%9A%E5%88%B6%E7%9F%B3%E6%9D%90%E5%88%B6%E5%93%81/ST07-GYHG-XC30-001.png,ST07-GYHG-XC30-001.png,null,null,null,2026-03-22 06:01:57.35817,2026-03-22 06:18:46.278275,1,null,null,ST012-GYHG-ABPED-001
164,ST07-GYHG-XCF0-001,1/4八边雕花柱础,null,null,null,定制石材制品,黑砂石,null,null,null,null,null,null,null,null,null,null,null,null,null,null,https://renli2026.oss-cn-chengdu.aliyuncs.com/materials/%E5%AE%9A%E5%88%B6%E7%9F%B3%E6%9D%90%E5%88%B6%E5%93%81/ST07-GYHG-XCF0-001.png,ST07-GYHG-XCF0-001.png,null,null,null,2026-03-22 06:01:57.35817,2026-03-22 06:18:46.278275,1,null,null,ST012-GYHG-ABPED-002
169,ST07-GYHG-XA01-001,石材-宜宾黑烧面门槛石,null,null,null,定制石材制品,天然花岗岩,6802211000.0,null,null,null,null,null,null,null,null,null,null,null,null,null,https://renli2026.oss-cn-chengdu.aliyuncs.com/materials/%E5%AE%9A%E5%88%B6%E7%9F%B3%E6%9D%90%E5%88%B6%E5%93%81/ST07-GYHG-XA01-001.png,ST07-GYHG-XA01-001.png,null,null,null,2026-03-22 06:01:57.35817,2026-03-22 06:18:46.278275,1,null,null,ST02-BKYB-FDFLR-001
162,ST07-GYHG-X5B6-001,栓马桩,null,null,null,定制石材制品,铁青石,9703900090.0,null,null,null,null,null,null,null,null,null,null,null,null,null,https://renli2026.oss-cn-chengdu.aliyuncs.com/materials/%E5%AE%9A%E5%88%B6%E7%9F%B3%E6%9D%90%E5%88%B6%E5%93%81/ST07-GYHG-X5B6-001.png,ST07-GYHG-X5B6-001.png,null,null,null,2026-03-22 06:01:57.35817,2026-03-22 06:18:46.278275,1,null,null,ST03-BLTQ-ABGUA-001
166,ST07-GYHG-X1DE-001,吸金兽,null,null,null,定制石材制品,铁青石,9703900090.0,null,null,null,null,null,null,null,null,null,null,null,null,null,https://renli2026.oss-cn-chengdu.aliyuncs.com/materials/%E5%AE%9A%E5%88%B6%E7%9F%B3%E6%9D%90%E5%88%B6%E5%93%81/ST07-GYHG-X1DE-001.png,ST07-GYHG-X1DE-001.png,null,null,null,2026-03-22 06:01:57.35817,2026-03-22 06:18:46.278275,1,null,null,ST03-BLTQ-ABGUA-002
165,ST07-GYHG-XBEB-001,室外柱础,null,null,null,定制石材制品,铁青石,9703900090.0,null,null,null,null,null,null,null,null,null,null,null,null,null,https://renli2026.oss-cn-chengdu.aliyuncs.com/materials/%E5%AE%9A%E5%88%B6%E7%9F%B3%E6%9D%90%E5%88%B6%E5%93%81/ST07-GYHG-XBEB-001.png,ST07-GYHG-XBEB-001.png,null,null,null,2026-03-22 06:01:57.35817,2026-03-22 06:18:46.278275,1,null,null,ST03-BLTQ-ABPED-003
168,ST07-GYHG-XB96-001,细砂白玉石,null,null,null,定制石材制品,人造大理石,6810191000.0,null,null,null,null,null,null,null,null,null,null,null,null,null,https://renli2026.oss-cn-chengdu.aliyuncs.com/materials/%E5%AE%9A%E5%88%B6%E7%9F%B3%E6%9D%90%E5%88%B6%E5%93%81/ST07-GYHG-XB96-001.png,ST07-GYHG-XB96-001.png,null,null,null,2026-03-22 06:01:57.35817,2026-03-22 06:18:46.278275,1,null,null,ST13-WHRN-FFFIN-001
110,MT04-GYHG-X647-001,定制不锈钢踢脚线,null,null,个,定制金属制品,仁力烨升自品牌,null,null,null,null,null,依据图纸确定,依据图纸确定,依据图纸确定,null,定制金属制品,null,null,304不锈钢,null,https://renli2026.oss-cn-chengdu.aliyuncs.com/materials/%E5%AE%9A%E5%88%B6%E9%87%91%E5%B1%9E%E5%88%B6%E5%93%81/MT04-GYHG-X647-001.png,MT04-GYHG-X647-001.png,null,null,null,2026-03-22 05:52:15.146066,2026-03-22 06:18:46.278275,1,null,null,MT01-MEGT-MMCMP-001
111,MT04-GYHG-X722-001,定制黄铜龙摆件（锅具配件）,null,null,个,定制金属制品,仁力烨升自品牌,null,null,null,null,null,null,null,null,null,定制金属制品,null,null,镀铜,null,https://renli2026.oss-cn-chengdu.aliyuncs.com/materials/%E5%AE%9A%E5%88%B6%E9%87%91%E5%B1%9E%E5%88%B6%E5%93%81/MT04-GYHG-X722-001.png,MT04-GYHG-X722-001.png,null,null,null,2026-03-22 05:52:15.146066,2026-03-22 06:18:46.278275,1,null,null,MT01-MEGT-MMCMP-002
112,MT04-GYHG-X3B6-001,锅圈,null,45.00,个,定制金属制品,仁力烨升自品牌,null,null,null,null,null,40.5,36.5,5.5,null,定制金属制品,null,null,304不锈钢,null,https://renli2026.oss-cn-chengdu.aliyuncs.com/materials/%E5%AE%9A%E5%88%B6%E9%87%91%E5%B1%9E%E5%88%B6%E5%93%81/MT04-GYHG-X3B6-001.png,MT04-GYHG-X3B6-001.png,null,null,null,2026-03-22 05:52:15.146066,2026-03-22 06:18:46.278275,1,null,null,MT01-MEGT-MMCMP-003
113,MT04-GYHG-HZB-001,锅具- 平耳铜红锅 电磁炉版,null,422.80,个,定制金属制品,世友,7418109000.0,null,null,null,null,400,400,100,null,定制金属制品,null,null,黄铜,null,https://renli2026.oss-cn-chengdu.aliyuncs.com/materials/%E5%AE%9A%E5%88%B6%E9%87%91%E5%B1%9E%E5%88%B6%E5%93%81/MT04-GYHG-HZB-001.png,MT04-GYHG-HZB-001.png,null,null,null,2026-03-22 05:52:15.146066,2026-03-22 06:18:46.278275,1,null,null,MT08-MEGT-EQCKW-001
114,MT04-GYHG-HZD-001,锅具- 平耳铜红锅 燃气版,null,422.80,个,定制金属制品,世友,7418109000.0,null,null,null,null,400,400,100,null,定制金属制品,null,null,黄铜,null,https://renli2026.oss-cn-chengdu.aliyuncs.com/materials/%E5%AE%9A%E5%88%B6%E9%87%91%E5%B1%9E%E5%88%B6%E5%93%81/MT04-GYHG-HZD-001.png,MT04-GYHG-HZD-001.png,null,null,null,2026-03-22 05:52:15.146066,2026-03-22 06:18:46.278275,1,null,null,MT08-MEGT-EQCKW-002
125,MT04-GYHG-X613-001,黄铜条,null,86.00,张,定制金属制品,仁力烨升自品牌,8302410000.0,null,null,null,null,160,150,0.5,null,定制金属制品,null,null,黄铜,null,https://renli2026.oss-cn-chengdu.aliyuncs.com/materials/%E5%AE%9A%E5%88%B6%E9%87%91%E5%B1%9E%E5%88%B6%E5%93%81/MT04-GYHG-X613-001.png,MT04-GYHG-X613-001.png,null,null,null,2026-03-22 05:52:15.146066,2026-03-22 06:18:46.278275,1,null,null,MT08-MEGT-MMCMP-001
1,HW10-GYHG-X8FB-001,射灯-明装射灯,null,116.00,个,五金杂件及工程灯具,仁力烨升自品牌,9405410000,null,null,null,null,125,70,70,null,五金杂件及工程灯具,null,null,铝材,null,https://renli2026.oss-cn-chengdu.aliyuncs.com/materials/%E4%BA%94%E9%87%91%E6%9D%82%E4%BB%B6%E5%8F%8A%E5%B7%A5%E7%A8%8B%E7%81%AF%E5%85%B7/HW10-GYHG-X8FB-001.png,HW10-GYHG-X8FB-001.png,null,null,null,2026-03-22 05:52:15.146066,2026-03-22 06:18:46.278275,1,null,null,CE11-BKCH-HWELI-001
2,HW10-GYHG-X939-001,射灯-暗装射灯,null,116.00,个,五金杂件及工程灯具,仁力烨升自品牌,9405110000,null,null,null,null,100,75,75,null,五金杂件及工程灯具,null,null,铝材,null,https://renli2026.oss-cn-chengdu.aliyuncs.com/materials/%E4%BA%94%E9%87%91%E6%9D%82%E4%BB%B6%E5%8F%8A%E5%B7%A5%E7%A8%8B%E7%81%AF%E5%85%B7/HW10-GYHG-X939-001.png,HW10-GYHG-X939-001.png,null,null,null,2026-03-22 05:52:15.146066,2026-03-22 06:18:46.278275,1,null,null,CE11-BKCH-HWELI-002
3,HW10-GYHG-X498-001,射灯-暗装筒灯,null,23.00,个,五金杂件及工程灯具,仁力烨升自品牌,9405110000,null,null,null,null,100,75,75,null,五金杂件及工程灯具,null,null,铝材,null,https://renli2026.oss-cn-chengdu.aliyuncs.com/materials/%E4%BA%94%E9%87%91%E6%9D%82%E4%BB%B6%E5%8F%8A%E5%B7%A5%E7%A8%8B%E7%81%AF%E5%85%B7/HW10-GYHG-X498-001.png,HW10-GYHG-X498-001.png,null,null,null,2026-03-22 05:52:15.146066,2026-03-22 06:18:46.278275,1,null,null,CE11-BKCH-HWELI-003
4,HW10-GYHG-X50F-001,灯带-低压灯带,null,null,个,五金杂件及工程灯具,仁力烨升自品牌,9405500000,null,null,null,null,依据图纸确定,依据图纸确定,依据图纸确定,null,五金杂件及工程灯具,null,null,铜芯包胶灯带,null,https://renli2026.oss-cn-chengdu.aliyuncs.com/materials/%E4%BA%94%E9%87%91%E6%9D%82%E4%BB%B6%E5%8F%8A%E5%B7%A5%E7%A8%8B%E7%81%AF%E5%85%B7/HW10-GYHG-X50F-001.png,HW10-GYHG-X50F-001.png,null,null,null,2026-03-22 05:52:15.146066,2026-03-22 06:18:46.278275,1,null,null,CE11-BKCH-HWELI-004
5,HW10-GYHG-X1CB-001,灯带-灯带接头,null,27.00,个,五金杂件及工程灯具,仁力烨升自品牌,9405500000,null,null,null,null,null,null,null,null,五金杂件及工程灯具,null,null,塑料,null,https://renli2026.oss-cn-chengdu.aliyuncs.com/materials/%E4%BA%94%E9%87%91%E6%9D%82%E4%BB%B6%E5%8F%8A%E5%B7%A5%E7%A8%8B%E7%81%AF%E5%85%B7/HW10-GYHG-X1CB-001.png,HW10-GYHG-X1CB-001.png,null,null,null,2026-03-22 05:52:15.146066,2026-03-22 06:18:46.278275,1,null,null,CE11-BKCH-HWELI-005
68,WD08-GYHG-X98C-001,镶板-雕花镶板,null,null,个,定制中式建筑结构,仁力烨升自品牌,4418990090,null,null,null,null,依据图纸确定,依据图纸确定,依据图纸确定,null,定制中式建筑结构,null,null,胶合木樟子松,null,https://renli2026.oss-cn-chengdu.aliyuncs.com/materials/%E5%AE%9A%E5%88%B6%E4%B8%AD%E5%BC%8F%E5%BB%BA%E7%AD%91%E7%BB%93%E6%9E%84/WD08-GYHG-X98C-001.png,WD08-GYHG-X98C-001.png,null,null,null,2026-03-22 05:52:15.146066,2026-03-22 06:18:46.278275,1,null,null,CE01-GYHG-ABETH-001
89,WD08-GYHG-XF51-001,基础古建结构 雕龙圆立柱,null,null,根,定制中式建筑结构,仁力烨升自品牌,6810919000,null,null,null,null,依据图纸确定,依据图纸确定,依据图纸确定,null,定制中式建筑结构,null,null,胶合木樟子松,null,https://renli2026.oss-cn-chengdu.aliyuncs.com/materials/%E5%AE%9A%E5%88%B6%E4%B8%AD%E5%BC%8F%E5%BB%BA%E7%AD%91%E7%BB%93%E6%9E%84/WD08-GYHG-XF51-001.png,WD08-GYHG-XF51-001.png,null,null,null,2026-03-22 05:52:15.146066,2026-03-22 06:18:46.278275,1,null,null,WD08-WDAM-ABIPA-001
134,EL09-GYHG-XCDF-001,一体机冷凝净化器,null,2800.00,null,小型电器及设备,雨阳,8516601000,null,null,null,null,依据图纸确定,依据图纸确定,依据图纸确定,null,小型电器及设备,null,null,不锈钢+木作,null,https://renli2026.oss-cn-chengdu.aliyuncs.com/materials/%E5%B0%8F%E5%9E%8B%E7%94%B5%E5%99%A8%E5%8F%8A%E8%AE%BE%E5%A4%87/EL09-GYHG-XCDF-001.png,EL09-GYHG-XCDF-001.png,null,null,null,2026-03-22 05:52:15.146066,2026-03-22 06:18:46.278275,1,null,null,MT01-BKCH-EQPRE-006
97,PT12-GYHG-X54E-001,仿真盆栽- 普通绿植盆栽,null,null,null,植物盆栽,仁力烨升自品牌,6702903000,null,null,null,null,依据图纸确定,依据图纸确定,依据图纸确定,null,定制活动家具及软装物料,null,null,塑胶,null,https://renli2026.oss-cn-chengdu.aliyuncs.com/materials/%E6%A4%8D%E7%89%A9%E7%9B%86%E6%A0%BD/PT12-GYHG-X54E-001.png,PT12-GYHG-X54E-001.png,null,null,null,2026-03-22 05:52:15.146066,2026-03-22 06:18:46.278275,1,null,null,CMO4-MEGT-CACAW-002
135,PT12-GYHG-X0BB-001,仿真盆栽- 盆栽迎客松,null,null,null,植物盆栽,仁力烨升自品牌,6702903000,null,null,null,null,依据图纸确定,依据图纸确定,依据图纸确定,null,植物盆栽,null,null,塑胶,null,https://renli2026.oss-cn-chengdu.aliyuncs.com/materials/%E6%A4%8D%E7%89%A9%E7%9B%86%E6%A0%BD/PT12-GYHG-X0BB-001.png,PT12-GYHG-X0BB-001.png,null,null,null,2026-03-22 05:52:15.146066,2026-03-22 06:18:46.278275,1,null,null,CMO4-MEGT-CACAW-003
136,LN11-GYHG-X6C2-001,配套灯具-打锅射灯,null,null,150,灯笼,仁力烨升自品牌,9405110000,null,null,null,null,100,70,70,null,灯笼,null,null,铝材,null,https://renli2026.oss-cn-chengdu.aliyuncs.com/materials/%E7%81%AF%E7%AC%BC/LN11-GYHG-X6C2-001.png,LN11-GYHG-X6C2-001.png,null,null,null,2026-03-22 05:52:15.146066,2026-03-22 06:18:46.278275,1,null,null,CE11-BKCHSSASK-001
148,CE01-GYHG-XE47-001,翘角-长三星脊翘角,null,null,个,陶制烧制制品,仁力烨升自品牌,6914900000,null,null,null,null,620,150,350,null,陶制烧制制品,null,null,粘土,null,https://renli2026.oss-cn-chengdu.aliyuncs.com/materials/%E9%99%B6%E5%88%B6%E7%83%A7%E5%88%B6%E5%88%B6%E5%93%81/CE01-GYHG-XE47-001.png,CE01-GYHG-XE47-001.png,null,null,null,2026-03-22 05:52:15.146066,2026-03-22 06:18:46.278275,1,null,null,CE01-GYHG-ABCEC-003
149,CE01-GYHG-X330-001,瓦片-普通瓦片,null,null,片,陶制烧制制品,仁力烨升自品牌,6914900000,null,null,null,null,175,175,6,null,陶制烧制制品,null,null,粘土,null,https://renli2026.oss-cn-chengdu.aliyuncs.com/materials/%E9%99%B6%E5%88%B6%E7%83%A7%E5%88%B6%E5%88%B6%E5%93%81/CE01-GYHG-X330-001.png,CE01-GYHG-X330-001.png,null,null,null,2026-03-22 05:52:15.146066,2026-03-22 06:18:46.278275,1,null,null,CE01-GYHG-ABDET-001
150,CE01-GYHG-ABETH-001,瓦片-筒瓦,null,null,片,陶制烧制制品,仁力烨升自品牌,6914900000,null,null,null,null,180,110,8,null,陶制烧制制品,null,null,粘土,null,https://renli2026.oss-cn-chengdu.aliyuncs.com/materials/%E9%99%B6%E5%88%B6%E7%83%A7%E5%88%B6%E5%88%B6%E5%93%81/CE01-GYHG-ABETH-001.png,CE01-GYHG-ABETH-001.png,null,null,null,2026-03-22 05:52:15.146066,2026-03-22 06:18:46.278275,1,null,null,CE01-GYHG-ABETH-002
85,CE01-GYHG-XF49-001,风头-三星脊风头,null,null,个,陶制烧制制品,仁力烨升自品牌,6914900000,null,null,null,null,260,140,120,null,定制中式建筑结构,null,null,粘土,null,https://renli2026.oss-cn-chengdu.aliyuncs.com/materials/%E9%99%B6%E5%88%B6%E7%83%A7%E5%88%B6%E5%88%B6%E5%93%81/CE01-GYHG-XF49-001.png,CE01-GYHG-XF49-001.png,null,null,null,2026-03-22 05:52:15.146066,2026-03-22 06:18:46.278275,1,null,null,WD08-WDAM-ABCOL-002
126,MT04-GYHG-XD37-001,定制异形黄铜件-U型黄铜条2m款,null,624.00,根,定制金属制品,仁力烨升自品牌,8302410000.0,null,null,null,null,5,10,5,null,定制金属制品,null,null,黄铜,null,https://renli2026.oss-cn-chengdu.aliyuncs.com/materials/%E5%AE%9A%E5%88%B6%E9%87%91%E5%B1%9E%E5%88%B6%E5%93%81/MT04-GYHG-XD37-001.png,MT04-GYHG-XD37-001.png,null,null,null,2026-03-22 05:52:15.146066,2026-03-22 06:18:46.278275,1,null,null,MT08-MEGT-MMCMP-002
127,MT04-GYHG-XCF7-001,铜片,null,null,片,定制金属制品,仁力烨升自品牌,8302410000.0,null,null,null,null,依据图纸确定,依据图纸确定,依据图纸确定,null,定制金属制品,null,null,黄铜,null,https://renli2026.oss-cn-chengdu.aliyuncs.com/materials/%E5%AE%9A%E5%88%B6%E9%87%91%E5%B1%9E%E5%88%B6%E5%93%81/MT04-GYHG-XCF7-001.png,MT04-GYHG-XCF7-001.png,null,null,null,2026-03-22 05:52:15.146066,2026-03-22 06:18:46.278275,1,null,null,MT08-MEGT-MMCMP-004
128,MT04-GYHG-XDFF-001,铜角花-T,null,26.00,片,定制金属制品,仁力烨升自品牌,8302410000.0,null,null,null,null,160,80,0.8,null,定制金属制品,null,null,黄铜,null,https://renli2026.oss-cn-chengdu.aliyuncs.com/materials/%E5%AE%9A%E5%88%B6%E9%87%91%E5%B1%9E%E5%88%B6%E5%93%81/MT04-GYHG-XDFF-001.png,MT04-GYHG-XDFF-001.png,null,null,null,2026-03-22 05:52:15.146066,2026-03-22 06:18:46.278275,1,null,null,MT08-MEGT-MMCMP-005
129,EL09-GYHG-X920-001,瀚红电池炉 国标插头,null,357.00,null,小型电器及设备,瀚红,8516601000,null,null,null,null,328,328,90,null,小型电器及设备,null,null,不锈钢+微晶玻璃,null,https://renli2026.oss-cn-chengdu.aliyuncs.com/materials/%E5%B0%8F%E5%9E%8B%E7%94%B5%E5%99%A8%E5%8F%8A%E8%AE%BE%E5%A4%87/EL09-GYHG-X920-001.png,EL09-GYHG-X920-001.png,null,null,null,2026-03-22 05:52:15.146066,2026-03-22 06:18:46.278275,1,null,null,MT01-BKCH-EQPRE-001
130,EL09-GYHG-X2E8-001,瀚红电池炉 欧标插头,null,445.00,null,小型电器及设备,瀚红,8516601000,null,null,null,null,328,328,90,null,小型电器及设备,null,null,不锈钢+微晶玻璃,null,https://renli2026.oss-cn-chengdu.aliyuncs.com/materials/%E5%B0%8F%E5%9E%8B%E7%94%B5%E5%99%A8%E5%8F%8A%E8%AE%BE%E5%A4%87/EL09-GYHG-X2E8-001.png,EL09-GYHG-X2E8-001.png,null,null,null,2026-03-22 05:52:15.146066,2026-03-22 06:18:46.278275,1,null,null,MT01-BKCH-EQPRE-002
131,EL09-GYHG-XEE2-001,瀚红电池炉 美标插头,null,1071.00,null,小型电器及设备,瀚红,8516601000,null,null,null,null,328,328,90,null,小型电器及设备,null,null,不锈钢+微晶玻璃,null,https://renli2026.oss-cn-chengdu.aliyuncs.com/materials/%E5%B0%8F%E5%9E%8B%E7%94%B5%E5%99%A8%E5%8F%8A%E8%AE%BE%E5%A4%87/EL09-GYHG-XEE2-001.png,EL09-GYHG-XEE2-001.png,null,null,null,2026-03-22 05:52:15.146066,2026-03-22 06:18:46.278275,1,null,null,MT01-BKCH-EQPRE-003
132,EL09-GYHG-X476-001,内芯净化器,null,1758.40,null,小型电器及设备,雨阳,8516601000,null,null,null,null,45,42,76,null,小型电器及设备,null,null,不锈钢+木作,null,https://renli2026.oss-cn-chengdu.aliyuncs.com/materials/%E5%B0%8F%E5%9E%8B%E7%94%B5%E5%99%A8%E5%8F%8A%E8%AE%BE%E5%A4%87/EL09-GYHG-X476-001.png,EL09-GYHG-X476-001.png,null,null,null,2026-03-22 05:52:15.146066,2026-03-22 06:18:46.278275,1,null,null,MT01-BKCH-EQPRE-004
133,EL09-GYHG-XFC7-001,一体机活性炭净化器,null,2318.40,null,小型电器及设备,雨阳,8516601000,null,null,null,null,依据图纸确定,依据图纸确定,依据图纸确定,null,小型电器及设备,null,null,不锈钢+木作,null,https://renli2026.oss-cn-chengdu.aliyuncs.com/materials/%E5%B0%8F%E5%9E%8B%E7%94%B5%E5%99%A8%E5%8F%8A%E8%AE%BE%E5%A4%87/EL09-GYHG-XFC7-001.png,EL09-GYHG-XFC7-001.png,null,null,null,2026-03-22 05:52:15.146066,2026-03-22 06:18:46.278275,1,null,null,MT01-BKCH-EQPRE-005
137,LN11-GYHG-X6D9-001,灯笼- 单个门头灯,null,null,436,灯笼,仁力烨升自品牌,9505909000,null,null,null,null,380,380,683,null,灯笼,null,null,高温烤漆铁艺灯架+防水弹力布外罩,null,https://renli2026.oss-cn-chengdu.aliyuncs.com/materials/%E7%81%AF%E7%AC%BC/LN11-GYHG-X6D9-001.png,LN11-GYHG-X6D9-001.png,null,null,null,2026-03-22 05:52:15.146066,2026-03-22 06:18:46.278275,1,null,null,LE01-MEMG-SSASK-001
115,MT04-GYHG-X63E-001,锅具- 平耳铜鸳鸯锅电磁炉版,null,492.80,个,定制金属制品,世友,7418109000.0,null,null,null,null,400,400,100,null,定制金属制品,null,null,黄铜,null,https://renli2026.oss-cn-chengdu.aliyuncs.com/materials/%E5%AE%9A%E5%88%B6%E9%87%91%E5%B1%9E%E5%88%B6%E5%93%81/MT04-GYHG-X63E-001.png,MT04-GYHG-X63E-001.png,null,null,null,2026-03-22 05:52:15.146066,2026-03-22 06:18:46.278275,1,null,null,MT08-MEGT-EQCKW-003
116,MT04-GYHG-XE3A-001,锅具- 平耳铜鸳鸯锅燃气版,null,492.80,个,定制金属制品,世友,7418109000.0,null,null,null,null,400,400,100,null,定制金属制品,null,null,黄铜,null,https://renli2026.oss-cn-chengdu.aliyuncs.com/materials/%E5%AE%9A%E5%88%B6%E9%87%91%E5%B1%9E%E5%88%B6%E5%93%81/MT04-GYHG-XE3A-001.png,MT04-GYHG-XE3A-001.png,null,null,null,2026-03-22 05:52:15.146066,2026-03-22 06:18:46.278275,1,null,null,MT08-MEGT-EQCKW-004
117,MT04-GYHG-HZSD-001,锅具-平耳 铜三味锅-燃气版,null,534.80,个,定制金属制品,世友,7418109000.0,null,null,null,null,400,400,100,null,定制金属制品,null,null,黄铜,null,https://renli2026.oss-cn-chengdu.aliyuncs.com/materials/%E5%AE%9A%E5%88%B6%E9%87%91%E5%B1%9E%E5%88%B6%E5%93%81/MT04-GYHG-HZSD-001.png,MT04-GYHG-HZSD-001.png,null,null,null,2026-03-22 05:52:15.146066,2026-03-22 06:18:46.278275,1,null,null,MT08-MEGT-EQCKW-005
118,MT04-GYHG-HZSB-001,锅具-平耳 铜三味锅-电磁炉版,null,534.80,个,定制金属制品,世友,7418109000.0,null,null,null,null,400,400,100,null,定制金属制品,null,null,黄铜,null,https://renli2026.oss-cn-chengdu.aliyuncs.com/materials/%E5%AE%9A%E5%88%B6%E9%87%91%E5%B1%9E%E5%88%B6%E5%93%81/MT04-GYHG-HZSB-001.png,MT04-GYHG-HZSB-001.png,null,null,null,2026-03-22 05:52:15.146066,2026-03-22 06:18:46.278275,1,null,null,MT08-MEGT-EQCKW-006
119,MT04-GYHG-HBSD-001,锅具- 立耳 铜红锅-燃气版,null,422.80,个,定制金属制品,世友,7418109000.0,null,null,null,null,400,400,100,null,定制金属制品,null,null,黄铜,null,https://renli2026.oss-cn-chengdu.aliyuncs.com/materials/%E5%AE%9A%E5%88%B6%E9%87%91%E5%B1%9E%E5%88%B6%E5%93%81/MT04-GYHG-HBSD-001.png,MT04-GYHG-HBSD-001.png,null,null,null,2026-03-22 05:52:15.146066,2026-03-22 06:18:46.278275,1,null,null,MT08-MEGT-EQCKW-007
120,MT04-GYHG-HBB-001,锅具- 立耳铜红锅-电磁炉版,null,422.80,个,定制金属制品,世友,7418109000.0,null,null,null,null,400,400,100,null,定制金属制品,null,null,黄铜,null,https://renli2026.oss-cn-chengdu.aliyuncs.com/materials/%E5%AE%9A%E5%88%B6%E9%87%91%E5%B1%9E%E5%88%B6%E5%93%81/MT04-GYHG-HBB-001.png,MT04-GYHG-HBB-001.png,null,null,null,2026-03-22 05:52:15.146066,2026-03-22 06:18:46.278275,1,null,null,MT08-MEGT-EQCKW-008
121,MT04-GYHG-HBSD-002,锅具-立耳 铜鸳鸯锅-燃气版,null,492.80,个,定制金属制品,世友,7418109000.0,null,null,null,null,400,400,100,null,定制金属制品,null,null,黄铜,null,https://renli2026.oss-cn-chengdu.aliyuncs.com/materials/%E5%AE%9A%E5%88%B6%E9%87%91%E5%B1%9E%E5%88%B6%E5%93%81/MT04-GYHG-HBSD-002.png,MT04-GYHG-HBSD-002.png,null,null,null,2026-03-22 05:52:15.146066,2026-03-22 06:18:46.278275,1,null,null,MT08-MEGT-EQCKW-009
122,MT04-GYHG-HBSB-001,锅具-立耳 铜鸳鸯锅-电磁炉版,null,492.80,个,定制金属制品,世友,7418109000.0,null,null,null,null,400,400,100,null,定制金属制品,null,null,黄铜,null,https://renli2026.oss-cn-chengdu.aliyuncs.com/materials/%E5%AE%9A%E5%88%B6%E9%87%91%E5%B1%9E%E5%88%B6%E5%93%81/MT04-GYHG-HBSB-001.png,MT04-GYHG-HBSB-001.png,null,null,null,2026-03-22 05:52:15.146066,2026-03-22 06:18:46.278275,1,null,null,MT08-MEGT-EQCKW-010
123,MT04-GYHG-HBSD-003,锅具-立耳 铜三味锅-燃气版,null,534.80,个,定制金属制品,世友,7418109000.0,null,null,null,null,400,400,100,null,定制金属制品,null,null,黄铜,null,https://renli2026.oss-cn-chengdu.aliyuncs.com/materials/%E5%AE%9A%E5%88%B6%E9%87%91%E5%B1%9E%E5%88%B6%E5%93%81/MT04-GYHG-HBSD-003.png,MT04-GYHG-HBSD-003.png,null,null,null,2026-03-22 05:52:15.146066,2026-03-22 06:18:46.278275,1,null,null,MT08-MEGT-EQCKW-011
124,MT04-GYHG-HBSB-002,锅具-立耳 铜三味锅-电磁炉版,null,534.80,个,定制金属制品,世友,7418109000.0,null,null,null,null,400,400,100,null,定制金属制品,null,null,黄铜,null,https://renli2026.oss-cn-chengdu.aliyuncs.com/materials/%E5%AE%9A%E5%88%B6%E9%87%91%E5%B1%9E%E5%88%B6%E5%93%81/MT04-GYHG-HBSB-002.png,MT04-GYHG-HBSB-002.png,null,null,null,2026-03-22 05:52:15.146066,2026-03-22 06:18:46.278275,1,null,null,MT08-MEGT-EQCKW-012
147,CE01-GYHG-ABMRR-001,青砖- 预制工字拼青砖墙板,null,null,板,陶制烧制制品,仁力烨升自品牌,6914900000,null,null,null,null,1200,585,35,null,陶制烧制制品,null,null,粘土+助燃板,null,https://renli2026.oss-cn-chengdu.aliyuncs.com/materials/%E9%99%B6%E5%88%B6%E7%83%A7%E5%88%B6%E5%88%B6%E5%93%81/CE01-GYHG-ABMRR-001.png,CE01-GYHG-ABMRR-001.png,null,null,null,2026-03-22 05:52:15.146066,2026-03-22 06:18:46.278275,1,null,0.0300,CE01-GYHG-ABCEC-002
138,LN11-GYHG-XCC0-001,灯笼- 两联串门头灯,null,null,601,灯笼,仁力烨升自品牌,9505909000,null,null,null,null,360,360,1030,null,灯笼,null,null,高温烤漆铁艺灯架+防水弹力布外罩,null,https://renli2026.oss-cn-chengdu.aliyuncs.com/materials/%E7%81%AF%E7%AC%BC/LN11-GYHG-XCC0-001.png,LN11-GYHG-XCC0-001.png,null,null,null,2026-03-22 05:52:15.146066,2026-03-22 06:18:46.278275,1,null,null,LE01-MEMG-SSASK-002
139,LN11-GYHG-X2D7-001,灯笼- 三联串门头灯,null,null,790,灯笼,仁力烨升自品牌,9505909000,null,null,null,null,380,380,1500,null,灯笼,null,null,高温烤漆铁艺灯架+防水弹力布外罩,null,https://renli2026.oss-cn-chengdu.aliyuncs.com/materials/%E7%81%AF%E7%AC%BC/LN11-GYHG-X2D7-001.png,LN11-GYHG-X2D7-001.png,null,null,null,2026-03-22 05:52:15.146066,2026-03-22 06:18:46.278275,1,null,null,LE01-MEMG-SSASK-003
140,LN11-GYHG-X980-001,灯笼-吊角灯笼,null,null,213,灯笼,仁力烨升自品牌,9505909000,null,null,null,null,345,345,400,null,灯笼,null,null,铁艺+黄色加厚羊皮,null,https://renli2026.oss-cn-chengdu.aliyuncs.com/materials/%E7%81%AF%E7%AC%BC/LN11-GYHG-X980-001.png,LN11-GYHG-X980-001.png,null,null,null,2026-03-22 05:52:15.146066,2026-03-22 06:18:46.278275,1,null,null,LE01-MEMG-SSASK-004
141,LN11-GYHG-BRT-001,灯笼- 过道灯-中款,null,null,362,灯笼,仁力烨升自品牌,9505909000,null,null,null,null,360,360,700,null,灯笼,null,null,高温烤漆铁艺灯架+防水弹力布外罩,null,https://renli2026.oss-cn-chengdu.aliyuncs.com/materials/%E7%81%AF%E7%AC%BC/LN11-GYHG-BRT-001.png,LN11-GYHG-BRT-001.png,null,null,null,2026-03-22 05:52:15.146066,2026-03-22 06:18:46.278275,1,null,null,LE01-MEMG-SSASK-005
142,LN11-GYHG-BRZ-001,灯笼- 过道灯-长款,null,null,398,灯笼,仁力烨升自品牌,9505909000,null,null,null,null,360,360,900,null,灯笼,null,null,高温烤漆铁艺灯架+防水弹力布外罩,null,https://renli2026.oss-cn-chengdu.aliyuncs.com/materials/%E7%81%AF%E7%AC%BC/LN11-GYHG-BRZ-001.png,LN11-GYHG-BRZ-001.png,null,null,null,2026-03-22 05:52:15.146066,2026-03-22 06:18:46.278275,1,null,null,LE01-MEMG-SSASK-006
143,LN11-GYHG-X88B-001,灯笼- 桌上红灯笼,null,null,436,灯笼,仁力烨升自品牌,9505909000,null,null,null,null,380,380,683,null,灯笼,null,null,高温烤漆铁艺灯架+防水弹力布外罩,null,https://renli2026.oss-cn-chengdu.aliyuncs.com/materials/%E7%81%AF%E7%AC%BC/LN11-GYHG-X88B-001.png,LN11-GYHG-X88B-001.png,null,null,null,2026-03-22 05:52:15.146066,2026-03-22 06:18:46.278275,1,null,null,LE01-RDDH-SSASK-001
144,LN11-GYHG-BLV-001,灯笼- 包间宫灯-短款,null,null,563,灯笼,仁力烨升自品牌,9505900000,null,null,null,null,650,650,650,null,灯笼,null,null,实木雕花+防退色羊皮饰面+高清丝印LOGO,null,https://renli2026.oss-cn-chengdu.aliyuncs.com/materials/%E7%81%AF%E7%AC%BC/LN11-GYHG-BLV-001.png,LN11-GYHG-BLV-001.png,null,null,null,2026-03-22 05:52:15.146066,2026-03-22 06:18:46.278275,1,null,null,LE01-RDDH-SSASK-002
145,LN11-GYHG-BLT-001,灯笼- 包间宫灯-中款,null,null,675,灯笼,仁力烨升自品牌,9505900000,null,null,null,null,750,750,750,null,灯笼,null,null,实木雕花+防退色羊皮饰面+高清丝印LOGO,null,https://renli2026.oss-cn-chengdu.aliyuncs.com/materials/%E7%81%AF%E7%AC%BC/LN11-GYHG-BLT-001.png,LN11-GYHG-BLT-001.png,null,null,null,2026-03-22 05:52:15.146066,2026-03-22 06:18:46.278275,1,null,null,LE01-RDDH-SSASK-003
146,CE01-GYHG-XDBB-001,瓦当-普通瓦当,null,null,片,陶制烧制制品,仁力烨升自品牌,6914900000,null,null,null,null,185,175,10,null,陶制烧制制品,null,null,粘土,null,https://renli2026.oss-cn-chengdu.aliyuncs.com/materials/%E9%99%B6%E5%88%B6%E7%83%A7%E5%88%B6%E5%88%B6%E5%93%81/CE01-GYHG-XDBB-001.png,CE01-GYHG-XDBB-001.png,null,null,null,2026-03-22 05:52:15.146066,2026-03-22 06:18:46.278275,1,null,null,CE01-GYHG-ABCEC-001
151,CE01-GYHG-ABHRG-001,正脊-三星脊,null,null,个,陶制烧制制品,仁力烨升自品牌,6914900000,null,null,null,null,185,140,180,null,陶制烧制制品,null,null,粘土,null,https://renli2026.oss-cn-chengdu.aliyuncs.com/materials/%E9%99%B6%E5%88%B6%E7%83%A7%E5%88%B6%E5%88%B6%E5%93%81/CE01-GYHG-ABHRG-001.png,CE01-GYHG-ABHRG-001.png,null,null,null,2026-03-22 05:52:15.146066,2026-03-22 06:18:46.278275,1,null,null,CE01-GYHG-ABHRG-002
153,CE01-GYHG-ABETH-003,瓦当-筒瓦瓦当,null,null,片,陶制烧制制品,仁力烨升自品牌,6914900000,null,null,null,null,210,110,10,null,陶制烧制制品,null,null,粘土,null,https://renli2026.oss-cn-chengdu.aliyuncs.com/materials/%E9%99%B6%E5%88%B6%E7%83%A7%E5%88%B6%E5%88%B6%E5%93%81/CE01-GYHG-ABETH-003.png,CE01-GYHG-ABETH-003.png,null,null,null,2026-03-22 05:52:15.146066,2026-03-22 06:18:46.278275,1,null,null,CE01-GYHG-ABWBG-001
154,CE01-GYHG-ABTIE-001,滴水,null,null,片,陶制烧制制品,仁力烨升自品牌,6914900000,null,null,null,null,200,175,10,null,陶制烧制制品,null,null,粘土,null,https://renli2026.oss-cn-chengdu.aliyuncs.com/materials/%E9%99%B6%E5%88%B6%E7%83%A7%E5%88%B6%E5%88%B6%E5%93%81/CE01-GYHG-ABTIE-001.png,CE01-GYHG-ABTIE-001.png,null,null,null,2026-03-22 05:52:15.146066,2026-03-22 06:18:46.278275,1,null,null,ST08-WDAM-ABTIE-001
155,CE01-GYHG-X429-001,翘角-三星脊翘角,null,null,个,陶制烧制制品,仁力烨升自品牌,6914900000,null,null,null,null,300,120,330,null,陶制烧制制品,null,null,粘土,null,https://renli2026.oss-cn-chengdu.aliyuncs.com/materials/%E9%99%B6%E5%88%B6%E7%83%A7%E5%88%B6%E5%88%B6%E5%93%81/CE01-GYHG-X429-001.png,CE01-GYHG-X429-001.png,null,null,null,2026-03-22 05:52:15.146066,2026-03-22 06:18:46.278275,1,null,null,WD012-WDAM-ABPED-002
156,CE01-GYHG-ABRAF-001,挡沟,null,null,片,陶制烧制制品,仁力烨升自品牌,6914900000,null,null,null,null,185,30,125,null,陶制烧制制品,null,null,粘土,null,https://renli2026.oss-cn-chengdu.aliyuncs.com/materials/%E9%99%B6%E5%88%B6%E7%83%A7%E5%88%B6%E5%88%B6%E5%93%81/CE01-GYHG-ABRAF-001.png,CE01-GYHG-ABRAF-001.png,null,null,null,2026-03-22 05:52:15.146066,2026-03-22 06:18:46.278275,1,null,null,WD08-WDWDABRAF-001
152,CE01-GYHG-ABETH-002,翘角-筒瓦翘角,null,null,个,陶制烧制制品,仁力烨升自品牌,6914900000,null,null,null,null,220,120,210,null,陶制烧制制品,null,null,粘土,null,https://renli2026.oss-cn-chengdu.aliyuncs.com/materials/%E9%99%B6%E5%88%B6%E7%83%A7%E5%88%B6%E5%88%B6%E5%93%81/CE01-GYHG-ABETH-002.png,CE01-GYHG-ABETH-002.png,null,null,null,2026-03-22 05:52:15.146066,2026-03-22 06:18:46.278275,1,null,0.3750,CE01-GYHG-ABMRR-001
