id,code,name,description,price,unit,category,brand,hs_code,weight,volume,qty,spec,specs_l,specs_w,specs_h,specification,area,location,box_no,material,color,image,image_filename,image_data,remarks,tags,create_time,update_time,restaurant_brand_id,material_brand,suggested_waste_rate
6,CE11-BKCH-HWELI-006,灯带-线型灯AL-1510,null,null,米,五金杂件及工程灯具,仁力烨升自品牌,9405110000,null,null,null,null,依据图纸确定,依据图纸确定,依据图纸确定,null,五金杂件及工程灯具,null,null,铝材,null,https://renli2026.oss-cn-chengdu.aliyuncs.com/materials/五金杂件及工程灯具/CE11-BKCH-HWELI-006.png,CE11-BKCH-HWELI-006.png,null,null,null,52:15.1,18:46.3,1,null,null
7,CE11-BKCH-HWELI-007,灯带-线型灯灯带,null,null,个,五金杂件及工程灯具,仁力烨升自品牌,9405500000,null,null,null,null,依据图纸确定,依据图纸确定,依据图纸确定,null,五金杂件及工程灯具,null,null,铜支架 裸版,null,https://renli2026.oss-cn-chengdu.aliyuncs.com/materials/五金杂件及工程灯具/CE11-BKCH-HWELI-007.png,CE11-BKCH-HWELI-007.png,null,null,null,52:15.1,18:46.3,1,null,null
8,CE11-BKCH-HWELI-008,LED灯-瓦楞灯,null,64,个,五金杂件及工程灯具,仁力烨升自品牌,9405410000,null,null,null,null,160,800,40,null,五金杂件及工程灯具,null,null,塑料+铝材+LED,null,https://renli2026.oss-cn-chengdu.aliyuncs.com/materials/五金杂件及工程灯具/CE11-BKCH-HWELI-008.png,CE11-BKCH-HWELI-008.png,null,null,null,52:15.1,18:46.3,1,null,null
9,CE11-BKCH-HWHPS-001,开关-防溅盒,null,17,个,五金杂件及工程灯具,仁力烨升自品牌,3926909090,null,null,null,null,80,80,40,null,五金杂件及工程灯具,null,null,塑料,null,https://renli2026.oss-cn-chengdu.aliyuncs.com/materials/五金杂件及工程灯具/CE11-BKCH-HWHPS-001.png,CE11-BKCH-HWHPS-001.png,null,null,null,52:15.1,18:46.3,1,null,null
10,CE11-BKCH-HWSWI-003,插口-网络插座,null,19,个,五金杂件及工程灯具,仁力烨升自品牌,8536690000,null,null,null,null,150,150,5,null,五金杂件及工程灯具,null,null,铝材,null,https://renli2026.oss-cn-chengdu.aliyuncs.com/materials/五金杂件及工程灯具/CE11-BKCH-HWSWI-003.png,CE11-BKCH-HWSWI-003.png,null,null,null,52:15.1,18:46.3,1,null,null
11,CE11-BKCH-HWSWI-004,开关-单控单开,null,26,个,五金杂件及工程灯具,仁力烨升自品牌,8536500090,null,null,null,null,150,150,5,null,五金杂件及工程灯具,null,null,铝材,null,https://renli2026.oss-cn-chengdu.aliyuncs.com/materials/五金杂件及工程灯具/CE11-BKCH-HWSWI-004.png,CE11-BKCH-HWSWI-004.png,null,null,null,52:15.1,18:46.3,1,null,null
12,CE11-BKCH-HWSWI-005,开关-单控双开,null,31,个,五金杂件及工程灯具,仁力烨升自品牌,8536500090,null,null,null,null,150,150,5,null,五金杂件及工程灯具,null,null,铝材,null,https://renli2026.oss-cn-chengdu.aliyuncs.com/materials/五金杂件及工程灯具/CE11-BKCH-HWSWI-005.png,CE11-BKCH-HWSWI-005.png,null,null,null,52:15.1,18:46.3,1,null,null
13,CE11-BKCH-HWSWI-006,开关-单控三开,null,7,null,五金杂件及工程灯具,仁力烨升自品牌,8536500090,null,null,null,null,150,150,5,null,五金杂件及工程灯具,null,null,铝材,null,https://renli2026.oss-cn-chengdu.aliyuncs.com/materials/五金杂件及工程灯具/CE11-BKCH-HWSWI-006.png,CE11-BKCH-HWSWI-006.png,null,null,null,52:15.1,18:46.3,1,null,null
14,CE11-BKCH-HWTRA-001,变压器-线型灯电源,null,21,个,五金杂件及工程灯具,仁力烨升自品牌,9405410000,null,null,null,null,80,40,150,null,五金杂件及工程灯具,null,null,铝材,null,https://renli2026.oss-cn-chengdu.aliyuncs.com/materials/五金杂件及工程灯具/CE11-BKCH-HWTRA-001.png,CE11-BKCH-HWTRA-001.png,null,null,null,52:15.1,18:46.3,1,null,null
15,CE11-BKCH-HWTRA-002,变压器-瓦楞灯电源,null,123,个,五金杂件及工程灯具,仁力烨升自品牌,9405410000,null,null,null,null,150,40,60,null,五金杂件及工程灯具,null,null,铝材,null,https://renli2026.oss-cn-chengdu.aliyuncs.com/materials/五金杂件及工程灯具/CE11-BKCH-HWTRA-002.png,CE11-BKCH-HWTRA-002.png,null,null,null,52:15.1,18:46.3,1,null,null
16,CE11-WHRN-HWELI-007,LED灯-集成平板灯,null,null,个,五金杂件及工程灯具,仁力烨升自品牌,8539510000,null,null,null,null,\,\,\,null,五金杂件及工程灯具,null,null,塑料+LED,null,https://renli2026.oss-cn-chengdu.aliyuncs.com/materials/五金杂件及工程灯具/CE11-WHRN-HWELI-007.png,CE11-WHRN-HWELI-007.png,null,null,null,52:15.1,18:46.3,1,null,null
17,CE11-WHRN-HWSWI-001,插座-一开多功能五孔,null,37,个,五金杂件及工程灯具,仁力烨升自品牌,8536690000,null,null,null,null,150,150,5,null,五金杂件及工程灯具,null,null,塑料,null,https://renli2026.oss-cn-chengdu.aliyuncs.com/materials/五金杂件及工程灯具/CE11-WHRN-HWSWI-001.png,CE11-WHRN-HWSWI-001.png,null,null,null,52:15.1,18:46.3,1,null,null
18,CE11-WHRN-HWSWI-002,插座-欧标地插,null,13,个,五金杂件及工程灯具,仁力烨升自品牌,8536690000,null,null,null,null,150,100,5,null,五金杂件及工程灯具,null,null,塑料,null,https://renli2026.oss-cn-chengdu.aliyuncs.com/materials/五金杂件及工程灯具/CE11-WHRN-HWSWI-002.png,CE11-WHRN-HWSWI-002.png,null,null,null,52:15.1,18:46.3,1,null,null
19,CM03-TRBT-HWGLU-001,结构胶- 透明玻璃胶,null,264,件,五金杂件及工程灯具,仁力烨升自品牌,3506100010,null,null,null,null,220,50,50,null,五金杂件及工程灯具,null,null,胶水,null,https://renli2026.oss-cn-chengdu.aliyuncs.com/materials/五金杂件及工程灯具/CM03-TRBT-HWGLU-001.png,CM03-TRBT-HWGLU-001.png,null,null,null,52:15.1,18:46.3,1,null,null
20,CM05-WHRN-HWVEN-001,工程零件-换气扇,null,37,个,五金杂件及工程灯具,仁力烨升自品牌,3926909090,null,null,null,null,300,300,20,null,五金杂件及工程灯具,null,null,塑料,null,https://renli2026.oss-cn-chengdu.aliyuncs.com/materials/五金杂件及工程灯具/CM05-WHRN-HWVEN-001.png,CM05-WHRN-HWVEN-001.png,null,null,null,52:15.1,18:46.3,1,null,null
21,MT06-GYQH-HWNIL-001,射钉-T50直钉,null,93,件,五金杂件及工程灯具,仁力烨升自品牌,8467190000,null,null,null,null,50,10,20,null,五金杂件及工程灯具,null,null,铁,null,https://renli2026.oss-cn-chengdu.aliyuncs.com/materials/五金杂件及工程灯具/MT06-GYQH-HWNIL-001.png,MT06-GYQH-HWNIL-001.png,null,null,null,52:15.1,18:46.3,1,null,null
22,MT08-HWRN-HWPUL-D01,工程零件-折叠门滑轮,null,79,副,五金杂件及工程灯具,仁力烨升自品牌,8302420000,null,null,null,null,80,40,40,null,五金杂件及工程灯具,null,null,不锈钢、锌合金,null,https://renli2026.oss-cn-chengdu.aliyuncs.com/materials/五金杂件及工程灯具/MT08-HWRN-HWPUL-D01.png,MT08-HWRN-HWPUL-D01.png,null,null,null,52:15.1,18:46.3,1,null,null
23,MT08-HWRN-HWTRK-D01,工程零件-折叠门吊轨,null,40,米,五金杂件及工程灯具,仁力烨升自品牌,7308900000,null,null,null,null,1000,40,40,null,五金杂件及工程灯具,null,null,铝合金,null,https://renli2026.oss-cn-chengdu.aliyuncs.com/materials/五金杂件及工程灯具/MT08-HWRN-HWTRK-D01.png,MT08-HWRN-HWTRK-D01.png,null,null,null,52:15.1,18:46.3,1,null,null
24,MT08-MEGT-HWDAM-D01,工程零件- 阻尼 隐形闭门合页 5寸,null,79,片,五金杂件及工程灯具,仁力烨升自品牌,8302300000,null,null,null,null,50,30,3,null,五金杂件及工程灯具,null,null,不锈钢,null,https://renli2026.oss-cn-chengdu.aliyuncs.com/materials/五金杂件及工程灯具/MT08-MEGT-HWDAM-D01.png,MT08-MEGT-HWDAM-D01.png,null,null,null,52:15.1,18:46.3,1,null,null
25,MT08-MEGT-HWNIL-001,工程零件-黄铜小钉,null,0.11,颗,五金杂件及工程灯具,仁力烨升自品牌,7415290000,null,null,null,null,1.5,1.5,15,null,五金杂件及工程灯具,null,null,黄铜,null,https://renli2026.oss-cn-chengdu.aliyuncs.com/materials/五金杂件及工程灯具/MT08-MEGT-HWNIL-001.png,MT08-MEGT-HWNIL-001.png,null,null,null,52:15.1,18:46.3,1,null,null
26,MT08-MEGT-HWNIL-002,装饰零件-11mm黄铜泡钉,null,0.43,颗,五金杂件及工程灯具,仁力烨升自品牌,7415290000,null,null,null,null,11,11,15,null,五金杂件及工程灯具,null,null,铜锌合金,null,https://renli2026.oss-cn-chengdu.aliyuncs.com/materials/五金杂件及工程灯具/MT08-MEGT-HWNIL-002.png,MT08-MEGT-HWNIL-002.png,null,null,null,52:15.1,18:46.3,1,null,null
27,MT08-MEGT-HWNIL-003,装饰零件-泡钉,null,40,个,五金杂件及工程灯具,仁力烨升自品牌,7415290000,null,null,null,null,40,40,100,null,五金杂件及工程灯具,null,null,铜锌合金,null,https://renli2026.oss-cn-chengdu.aliyuncs.com/materials/五金杂件及工程灯具/MT08-MEGT-HWNIL-003.png,MT08-MEGT-HWNIL-003.png,null,null,null,52:15.1,18:46.3,1,null,null
28,MT08-MEGT-MMCMP-003,装饰零件- 20公分铜狮头,null,400,副,五金杂件及工程灯具,仁力烨升自品牌,8302410000,null,null,null,null,200,200,5,null,五金杂件及工程灯具,null,null,黄铜,null,https://renli2026.oss-cn-chengdu.aliyuncs.com/materials/五金杂件及工程灯具/MT08-MEGT-MMCMP-003.png,MT08-MEGT-MMCMP-003.png,null,null,null,52:15.1,18:46.3,1,null,null
29,MT01-NTBX-EQKAT-001,厨房设备- 单通工作柜,null,2660,null,厨房电器及设备,null,9403200000,null,null,null,null,1500,760,800,null,厨房电器及设备,null,null,304不锈钢,null,https://renli2026.oss-cn-chengdu.aliyuncs.com/materials/厨房电器及设备/MT01-NTBX-EQKAT-001.png,MT01-NTBX-EQKAT-001.png,null,null,null,52:15.1,18:46.3,1,null,null
30,MT01-NTBX-EQKAT-002,厨房设备- 定制打锅架,null,2800,null,厨房电器及设备,null,9403200000,null,null,null,null,1500,760,800,null,厨房电器及设备,null,null,304不锈钢,null,https://renli2026.oss-cn-chengdu.aliyuncs.com/materials/厨房电器及设备/MT01-NTBX-EQKAT-002.png,MT01-NTBX-EQKAT-002.png,null,null,null,52:15.1,18:46.3,1,null,null
31,MT01-NTBX-EQKAT-003,厨房设备- 定制锅架-单通,null,10920,null,厨房电器及设备,null,9403200000,null,null,null,null,1500,760,800,null,厨房电器及设备,null,null,304不锈钢,null,https://renli2026.oss-cn-chengdu.aliyuncs.com/materials/厨房电器及设备/MT01-NTBX-EQKAT-003.png,MT01-NTBX-EQKAT-003.png,null,null,null,52:15.1,18:46.3,1,null,null
32,MT01-NTBX-EQKAT-004,厨房设备- 定制货柜 上掀门,null,2940,null,厨房电器及设备,null,9403200000,null,null,null,null,1500,760,800,null,厨房电器及设备,null,null,304不锈钢,null,https://renli2026.oss-cn-chengdu.aliyuncs.com/materials/厨房电器及设备/MT01-NTBX-EQKAT-004.png,MT01-NTBX-EQKAT-004.png,null,null,null,52:15.1,18:46.3,1,null,null
33,MT01-NTBX-EQKAT-005,厨房设备- 单通碗柜,null,9044,null,厨房电器及设备,null,9403200000,null,null,null,null,1500,760,800,null,厨房电器及设备,null,null,304不锈钢,null,https://renli2026.oss-cn-chengdu.aliyuncs.com/materials/厨房电器及设备/MT01-NTBX-EQKAT-005.png,MT01-NTBX-EQKAT-005.png,null,null,null,52:15.1,18:46.3,1,null,null
34,MT01-NTBX-EQKAT-006,厨房设备- 单通碗柜(无报告),null,5110,null,厨房电器及设备,null,9403200000,null,null,null,null,1500,760,800,null,厨房电器及设备,null,null,304不锈钢,null,https://renli2026.oss-cn-chengdu.aliyuncs.com/materials/厨房电器及设备/MT01-NTBX-EQKAT-006.png,MT01-NTBX-EQKAT-006.png,null,null,null,52:15.1,18:46.3,1,null,null
35,MT01-NTBX-EQKAT-007,厨房设备-炉平台,null,1050,null,厨房电器及设备,null,9403200000,null,null,null,null,1500,760,800,null,厨房电器及设备,null,null,304不锈钢,null,https://renli2026.oss-cn-chengdu.aliyuncs.com/materials/厨房电器及设备/MT01-NTBX-EQKAT-007.png,MT01-NTBX-EQKAT-007.png,null,null,null,52:15.1,18:46.3,1,null,null
36,MT01-NTBX-EQKAT-008,厨房设备- 双层挂墙架,null,1820,null,厨房电器及设备,null,9403200000,null,null,null,null,1500,760,800,null,厨房电器及设备,null,null,304不锈钢,null,https://renli2026.oss-cn-chengdu.aliyuncs.com/materials/厨房电器及设备/MT01-NTBX-EQKAT-008.png,MT01-NTBX-EQKAT-008.png,null,null,null,52:15.1,18:46.3,1,null,null
37,MT01-NTBX-EQKAT-009,厨房设备- 双层台上架,null,840,null,厨房电器及设备,null,9403200000,null,null,null,null,1500,760,800,null,厨房电器及设备,null,null,304不锈钢,null,https://renli2026.oss-cn-chengdu.aliyuncs.com/materials/厨房电器及设备/MT01-NTBX-EQKAT-009.png,MT01-NTBX-EQKAT-009.png,null,null,null,52:15.1,18:46.3,1,null,null
38,MT01-NTBX-EQKAT-010,厨房设备- 脏碗架,null,2352,null,厨房电器及设备,null,9403200000,null,null,null,null,1500,760,800,null,厨房电器及设备,null,null,304不锈钢,null,https://renli2026.oss-cn-chengdu.aliyuncs.com/materials/厨房电器及设备/MT01-NTBX-EQKAT-010.png,MT01-NTBX-EQKAT-010.png,null,null,null,52:15.1,18:46.3,1,null,null
39,MT01-NTBX-EQKAT-011,厨房设备- 五层货架,null,2940,null,厨房电器及设备,null,9403200000,null,null,null,null,1500,760,800,null,厨房电器及设备,null,null,304不锈钢,null,https://renli2026.oss-cn-chengdu.aliyuncs.com/materials/厨房电器及设备/MT01-NTBX-EQKAT-011.png,MT01-NTBX-EQKAT-011.png,null,null,null,52:15.1,18:46.3,1,null,null
40,MT01-NTBX-EQKAT-012,厨房设备- 单星洗池柜,null,2800,null,厨房电器及设备,null,9403200000,null,null,null,null,1500,760,800,null,厨房电器及设备,null,null,304不锈钢,null,https://renli2026.oss-cn-chengdu.aliyuncs.com/materials/厨房电器及设备/MT01-NTBX-EQKAT-012.png,MT01-NTBX-EQKAT-012.png,null,null,null,52:15.1,18:46.3,1,null,null
41,MT01-NTBX-EQKAT-013,厨房设备- 三星水池,null,3990,null,厨房电器及设备,null,9403200000,null,null,null,null,1500,760,800,null,厨房电器及设备,null,null,304不锈钢,null,https://renli2026.oss-cn-chengdu.aliyuncs.com/materials/厨房电器及设备/MT01-NTBX-EQKAT-013.png,MT01-NTBX-EQKAT-013.png,null,null,null,52:15.1,18:46.3,1,null,null
42,MT01-NTBX-EQKAT-014,厨房设备- 残渣台,null,2310,null,厨房电器及设备,null,9403200000,null,null,null,null,1500,760,800,null,厨房电器及设备,null,null,304不锈钢,null,https://renli2026.oss-cn-chengdu.aliyuncs.com/materials/厨房电器及设备/MT01-NTBX-EQKAT-014.png,MT01-NTBX-EQKAT-014.png,null,null,null,52:15.1,18:46.3,1,null,null
43,MT01-NTBX-EQKAT-015,厨房设备- 活动双层工作台,null,1680,null,厨房电器及设备,null,9403200000,null,null,null,null,1500,760,800,null,厨房电器及设备,null,null,304不锈钢,null,https://renli2026.oss-cn-chengdu.aliyuncs.com/materials/厨房电器及设备/MT01-NTBX-EQKAT-015.png,MT01-NTBX-EQKAT-015.png,null,null,null,52:15.1,18:46.3,1,null,null
44,MT01-NTBX-EQKAT-016,厨房设备- 定制异性工作台,null,1610,null,厨房电器及设备,null,9403200000,null,null,null,null,1500,760,800,null,厨房电器及设备,null,null,304不锈钢,null,https://renli2026.oss-cn-chengdu.aliyuncs.com/materials/厨房电器及设备/MT01-NTBX-EQKAT-016.png,MT01-NTBX-EQKAT-016.png,null,null,null,52:15.1,18:46.3,1,null,null
45,MT01-NTBX-EQKAT-017,厨房设备- 前置台,null,1680,null,厨房电器及设备,null,9403200000,null,null,null,null,1500,760,800,null,厨房电器及设备,null,null,304不锈钢,null,https://renli2026.oss-cn-chengdu.aliyuncs.com/materials/厨房电器及设备/MT01-NTBX-EQKAT-017.png,MT01-NTBX-EQKAT-017.png,null,null,null,52:15.1,18:46.3,1,null,null
46,MT01-NTBX-EQKAT-018,厨房设备- 洁碟台,null,1960,null,厨房电器及设备,null,9403200000,null,null,null,null,1500,760,800,null,厨房电器及设备,null,null,304不锈钢,null,https://renli2026.oss-cn-chengdu.aliyuncs.com/materials/厨房电器及设备/MT01-NTBX-EQKAT-018.png,MT01-NTBX-EQKAT-018.png,null,null,null,52:15.1,18:46.3,1,null,null
47,MT01-NTBX-EQKAT-019,厨房电器- 冷藏操作台- 风冷,null,5600,null,厨房电器及设备,null,8516799000,null,null,null,null,1500,760,800,null,厨房电器及设备,null,null,304不锈钢,null,https://renli2026.oss-cn-chengdu.aliyuncs.com/materials/厨房电器及设备/MT01-NTBX-EQKAT-019.png,MT01-NTBX-EQKAT-019.png,null,null,null,52:15.1,18:46.3,1,null,null
48,MT01-NTBX-EQKAT-020,厨房电器- 冷冻操作台- 风冷,null,6020,null,厨房电器及设备,null,8516799000,null,null,null,null,1500,760,800,null,厨房电器及设备,null,null,304不锈钢,null,https://renli2026.oss-cn-chengdu.aliyuncs.com/materials/厨房电器及设备/MT01-NTBX-EQKAT-020.png,MT01-NTBX-EQKAT-020.png,null,null,null,52:15.1,18:46.3,1,null,null
49,MT01-NTBX-EQKAT-021,厨房电器- 调料台 常规款,null,37520,null,厨房电器及设备,null,8516799000,null,null,null,null,1500,760,800,null,厨房电器及设备,null,null,304不锈钢,null,https://renli2026.oss-cn-chengdu.aliyuncs.com/materials/厨房电器及设备/MT01-NTBX-EQKAT-021.png,MT01-NTBX-EQKAT-021.png,null,null,null,52:15.1,18:46.3,1,null,null
50,MT01-NTBX-EQKAT-022,厨房电器- 双门双通展示柜 1500款,null,17360,null,厨房电器及设备,null,8516799000,null,null,null,null,1500,760,800,null,厨房电器及设备,null,null,304不锈钢,null,https://renli2026.oss-cn-chengdu.aliyuncs.com/materials/厨房电器及设备/MT01-NTBX-EQKAT-022.png,MT01-NTBX-EQKAT-022.png,null,null,null,52:15.1,18:46.3,1,null,null
51,MT01-NTBX-EQKAT-023,厨房电器- 制冰机- 500KG分体式 雪花颗粒冰,null,39200,null,厨房电器及设备,null,8516799000,null,null,null,null,1500,760,800,null,厨房电器及设备,null,null,304不锈钢,null,https://renli2026.oss-cn-chengdu.aliyuncs.com/materials/厨房电器及设备/MT01-NTBX-EQKAT-023.png,MT01-NTBX-EQKAT-023.png,null,null,null,52:15.1,18:46.3,1,null,null
52,MT01-NTBX-EQKAT-024,厨房电器- 刨片机 14寸全自动台式刨片机,null,18200,null,厨房电器及设备,null,8516799000,null,null,null,null,1500,760,800,null,厨房电器及设备,null,null,304不锈钢,null,https://renli2026.oss-cn-chengdu.aliyuncs.com/materials/厨房电器及设备/MT01-NTBX-EQKAT-024.png,MT01-NTBX-EQKAT-024.png,null,null,null,52:15.1,18:46.3,1,null,null
53,MT01-NTBX-EQKAT-025,厨房电器- 高汤炉 （电),null,16520,null,厨房电器及设备,null,8516799000,null,null,null,null,1500,760,800,null,厨房电器及设备,null,null,304不锈钢,null,https://renli2026.oss-cn-chengdu.aliyuncs.com/materials/厨房电器及设备/MT01-NTBX-EQKAT-025.png,MT01-NTBX-EQKAT-025.png,null,null,null,52:15.1,18:46.3,1,null,null
54,MT01-NTBX-EQKAT-026,厨房电器- 10层热风电烤箱(带喷雾)带底座,null,46592,null,厨房电器及设备,null,8516799000,null,null,null,null,1500,760,800,null,厨房电器及设备,null,null,304不锈钢,null,https://renli2026.oss-cn-chengdu.aliyuncs.com/materials/厨房电器及设备/MT01-NTBX-EQKAT-026.png,MT01-NTBX-EQKAT-026.png,null,null,null,52:15.1,18:46.3,1,null,null
55,MT01-NTBX-EQKAT-027,厨房电器- 揭盖式洗碗机,null,37520,null,厨房电器及设备,null,8516799000,null,null,null,null,1500,760,800,null,厨房电器及设备,null,null,304不锈钢,null,https://renli2026.oss-cn-chengdu.aliyuncs.com/materials/厨房电器及设备/MT01-NTBX-EQKAT-027.png,MT01-NTBX-EQKAT-027.png,null,null,null,52:15.1,18:46.3,1,null,null
56,MT01-NTBX-EQKAT-028,厨房燃气设备 -2头煲仔炉 （燃气）,null,3136,null,厨房电器及设备,null,7321110000,null,null,null,null,1500,760,800,null,厨房电器及设备,null,null,304不锈钢,null,https://renli2026.oss-cn-chengdu.aliyuncs.com/materials/厨房电器及设备/MT01-NTBX-EQKAT-028.png,MT01-NTBX-EQKAT-028.png,null,null,null,52:15.1,18:46.3,1,null,null
57,MT01-NTBX-EQKAT-029,厨房燃气设备- 冒菜桶,null,2800,null,厨房电器及设备,null,7321110000,null,null,null,null,1500,760,800,null,厨房电器及设备,null,null,304不锈钢,null,https://renli2026.oss-cn-chengdu.aliyuncs.com/materials/厨房电器及设备/MT01-NTBX-EQKAT-029.png,MT01-NTBX-EQKAT-029.png,null,null,null,52:15.1,18:46.3,1,null,null
58,MT01-NTBX-EQKAT-030,厨房燃气设备-蒸包炉,null,null,null,厨房电器及设备,null,7321110000,null,null,null,null,1500,760,800,null,厨房电器及设备,null,null,304不锈钢,null,https://renli2026.oss-cn-chengdu.aliyuncs.com/materials/厨房电器及设备/MT01-NTBX-EQKAT-030.png,MT01-NTBX-EQKAT-030.png,null,null,null,52:15.1,18:46.3,1,null,null
59,MT01-NTBX-EQKAT-031,厨房燃气设备-蒸炉,null,null,null,厨房电器及设备,null,7321110000,null,null,null,null,1500,760,800,null,厨房电器及设备,null,null,304不锈钢,null,https://renli2026.oss-cn-chengdu.aliyuncs.com/materials/厨房电器及设备/MT01-NTBX-EQKAT-031.png,MT01-NTBX-EQKAT-031.png,null,null,null,52:15.1,18:46.3,1,null,null
60,MT01-NTBX-EQKAT-032,厨房电器- 台式切片机,null,null,null,厨房电器及设备,null,8438500000,null,null,null,null,1500,760,800,null,厨房电器及设备,null,null,304不锈钢,null,https://renli2026.oss-cn-chengdu.aliyuncs.com/materials/厨房电器及设备/MT01-NTBX-EQKAT-032.png,MT01-NTBX-EQKAT-032.png,null,null,null,52:15.1,18:46.3,1,null,null
61,MT01-NTBX-EQKAT-033,厨房电器- 落地式切片机,null,null,null,厨房电器及设备,null,8438500000,null,null,null,null,1500,760,800,null,厨房电器及设备,null,null,304不锈钢,null,https://renli2026.oss-cn-chengdu.aliyuncs.com/materials/厨房电器及设备/MT01-NTBX-EQKAT-033.png,MT01-NTBX-EQKAT-033.png,null,null,null,52:15.1,18:46.3,1,null,null
62,MT01-NTBX-EQKAT-034,厨房电器- 长龙式通道洗碗机,null,null,null,厨房电器及设备,null,8516799000,null,null,null,null,1500,760,800,null,厨房电器及设备,null,null,304不锈钢,null,https://renli2026.oss-cn-chengdu.aliyuncs.com/materials/厨房电器及设备/MT01-NTBX-EQKAT-034.png,MT01-NTBX-EQKAT-034.png,null,null,null,52:15.1,18:46.3,1,null,null
63,MT01-NTBX-EQKAT-035,厨房电器- 24盘蒸饭车（智能电脑版）,null,null,null,厨房电器及设备,null,8516799000,null,null,null,null,1500,760,800,null,厨房电器及设备,null,null,304不锈钢,null,https://renli2026.oss-cn-chengdu.aliyuncs.com/materials/厨房电器及设备/MT01-NTBX-EQKAT-035.png,MT01-NTBX-EQKAT-035.png,null,null,null,52:15.1,18:46.3,1,null,null
64,CE04-GYHG-FDFLT-001,地砖- 灰色通体仿古砖,null,59,块,墙地瓷砖制品,帝泓,6904900000,null,null,null,null,600,1200,10,null,墙地瓷砖制品,null,null,null,null,https://renli2026.oss-cn-chengdu.aliyuncs.com/materials/墙地瓷砖制品/CE04-GYHG-FDFLT-001.png,CE04-GYHG-FDFLT-001.png,null,null,null,52:15.1,18:46.3,1,null,null
65,CE04-GYHG-FDFLT-002,地砖- 灰色哑光砖,null,22,块,墙地瓷砖制品,陶故事,6907219000,null,null,null,null,600,600,0.8,null,墙地瓷砖制品,null,null,null,null,https://renli2026.oss-cn-chengdu.aliyuncs.com/materials/墙地瓷砖制品/CE04-GYHG-FDFLT-002.png,CE04-GYHG-FDFLT-002.png,null,null,null,52:15.1,18:46.3,1,null,null
66,CE04-GYHG-FDFLT-003,地砖- 吸水砖,null,6,块,墙地瓷砖制品,富盛,6907239000,null,null,null,null,300,300,10,null,墙地瓷砖制品,null,null,null,null,https://renli2026.oss-cn-chengdu.aliyuncs.com/materials/墙地瓷砖制品/CE04-GYHG-FDFLT-003.png,CE04-GYHG-FDFLT-003.png,null,null,null,52:15.1,18:46.3,1,null,null
67,CE04-WHTZ-WDWLT-001,墙砖- 白色格子,null,10,块,墙地瓷砖制品,米拉迪之家,6904100000,null,null,null,null,300,600,0.8,null,墙地瓷砖制品,null,null,null,null,https://renli2026.oss-cn-chengdu.aliyuncs.com/materials/墙地瓷砖制品/CE04-WHTZ-WDWLT-001.png,CE04-WHTZ-WDWLT-001.png,null,null,null,52:15.1,18:46.3,1,null,null
69,CE01-GYHG-ABHRG-001,装饰结构 - 美人靠,null,null,个,定制中式建筑结构,仁力烨升自品牌,6810919000,null,null,null,null,依据图纸确定,依据图纸确定,依据图纸确定,null,定制中式建筑结构,null,null,胶合木樟子松,null,https://renli2026.oss-cn-chengdu.aliyuncs.com/materials/定制中式建筑结构/CE01-GYHG-ABHRG-001.png,CE01-GYHG-ABHRG-001.png,null,null,null,52:15.1,18:46.3,1,null,null
70,CE01-GYHG-ABRTL-001,镶板-普通板,null,null,个,定制中式建筑结构,仁力烨升自品牌,4418990090,null,null,null,null,依据图纸确定,依据图纸确定,依据图纸确定,null,定制中式建筑结构,null,null,胶合木樟子松,null,https://renli2026.oss-cn-chengdu.aliyuncs.com/materials/定制中式建筑结构/CE01-GYHG-ABRTL-001.png,CE01-GYHG-ABRTL-001.png,null,null,null,52:15.1,18:46.3,1,null,null
71,WD012-WDAM-ABBAL-002,格窗-普通格窗,null,null,个,定制中式建筑结构,仁力烨升自品牌,4418990090,null,null,null,null,依据图纸确定,依据图纸确定,依据图纸确定,null,定制中式建筑结构,null,null,樟子松,null,https://renli2026.oss-cn-chengdu.aliyuncs.com/materials/定制中式建筑结构/WD012-WDAM-ABBAL-002.png,WD012-WDAM-ABBAL-002.png,null,null,null,52:15.1,18:46.3,1,null,null
72,WD012-WDAM-ABCOR-001,锤莲柱-莲花型,null,null,个,定制中式建筑结构,仁力烨升自品牌,4418990090,null,null,null,null,依据图纸确定,依据图纸确定,依据图纸确定,null,定制中式建筑结构,null,null,胶合木樟子松,null,https://renli2026.oss-cn-chengdu.aliyuncs.com/materials/定制中式建筑结构/WD012-WDAM-ABCOR-001.png,WD012-WDAM-ABCOR-001.png,null,null,null,52:15.1,18:46.3,1,null,null
73,WD012-WDAM-ABCOR-002,撑弓-龙戏珠,null,null,个,定制中式建筑结构,仁力烨升自品牌,4418990090,null,null,null,null,依据图纸确定,依据图纸确定,依据图纸确定,null,定制中式建筑结构,null,null,胶合木樟子松,null,https://renli2026.oss-cn-chengdu.aliyuncs.com/materials/定制中式建筑结构/WD012-WDAM-ABCOR-002.png,WD012-WDAM-ABCOR-002.png,null,null,null,52:15.1,18:46.3,1,null,null
74,WD012-WDAM-ABCOR-003,矮隔断-普通款,null,null,个,定制中式建筑结构,仁力烨升自品牌,6810919000,null,null,null,null,依据图纸确定,依据图纸确定,依据图纸确定,null,定制中式建筑结构,null,null,胶合木樟子松,null,https://renli2026.oss-cn-chengdu.aliyuncs.com/materials/定制中式建筑结构/WD012-WDAM-ABCOR-003.png,WD012-WDAM-ABCOR-003.png,null,null,null,52:15.1,18:46.3,1,null,null
75,WD012-WDAM-ABCOR-004,挂落- 大雕花挂落,null,null,个,定制中式建筑结构,仁力烨升自品牌,4418990090,null,null,null,null,依据图纸确定,依据图纸确定,依据图纸确定,null,定制中式建筑结构,null,null,胶合木樟子松,null,https://renli2026.oss-cn-chengdu.aliyuncs.com/materials/定制中式建筑结构/WD012-WDAM-ABCOR-004.png,WD012-WDAM-ABCOR-004.png,null,null,null,52:15.1,18:46.3,1,null,null
76,WD012-WDAM-ABFHS-001,格窗-镶板格窗,null,null,个,定制中式建筑结构,仁力烨升自品牌,4418990090,null,null,null,null,依据图纸确定,依据图纸确定,依据图纸确定,null,定制中式建筑结构,null,null,胶合木樟子松,null,https://renli2026.oss-cn-chengdu.aliyuncs.com/materials/定制中式建筑结构/WD012-WDAM-ABFHS-001.png,WD012-WDAM-ABFHS-001.png,null,null,null,52:15.1,18:46.3,1,null,null
77,WD012-WDAM-ABHOC-001,门-双开门,null,null,个,定制中式建筑结构,仁力烨升自品牌,6810919000,null,null,null,null,依据图纸确定,依据图纸确定,依据图纸确定,null,定制中式建筑结构,null,null,胶合木樟子松,null,https://renli2026.oss-cn-chengdu.aliyuncs.com/materials/定制中式建筑结构/WD012-WDAM-ABHOC-001.png,WD012-WDAM-ABHOC-001.png,null,null,null,52:15.1,18:46.3,1,null,null
78,WD012-WDAM-ABLIT-001,普通牌匾-卡座牌匾,null,null,个,定制中式建筑结构,仁力烨升自品牌,4418990090,null,null,null,null,依据图纸确定,依据图纸确定,依据图纸确定,null,定制中式建筑结构,null,null,胶合木樟子松,null,https://renli2026.oss-cn-chengdu.aliyuncs.com/materials/定制中式建筑结构/WD012-WDAM-ABLIT-001.png,WD012-WDAM-ABLIT-001.png,null,null,null,52:15.1,18:46.3,1,null,null
79,WD012-WDAM-ABPED-004,木梁-雕花梁,null,null,个,定制中式建筑结构,仁力烨升自品牌,4418990090,null,null,null,null,依据图纸确定,依据图纸确定,依据图纸确定,null,定制中式建筑结构,null,null,胶合木樟子松,null,https://renli2026.oss-cn-chengdu.aliyuncs.com/materials/定制中式建筑结构/WD012-WDAM-ABPED-004.png,WD012-WDAM-ABPED-004.png,null,null,null,52:15.1,18:46.3,1,null,null
80,WD012-WDAM-ABPED-005,基础古建结构-椽,null,null,个,定制中式建筑结构,仁力烨升自品牌,4418990090,null,null,null,null,依据图纸确定,依据图纸确定,依据图纸确定,null,定制中式建筑结构,null,null,胶合木樟子松,null,https://renli2026.oss-cn-chengdu.aliyuncs.com/materials/定制中式建筑结构/WD012-WDAM-ABPED-005.png,WD012-WDAM-ABPED-005.png,null,null,null,52:15.1,18:46.3,1,null,null
81,WD012-WDAM-ABWPS-001,基础古建结构 四分之一圆立柱,null,null,根,定制中式建筑结构,仁力烨升自品牌,4418990090,null,null,null,null,依据图纸确定,依据图纸确定,依据图纸确定,null,定制中式建筑结构,null,null,胶合木樟子松,null,https://renli2026.oss-cn-chengdu.aliyuncs.com/materials/定制中式建筑结构/WD012-WDAM-ABWPS-001.png,WD012-WDAM-ABWPS-001.png,null,null,null,52:15.1,18:46.3,1,null,null
82,WD08-WDAM-ABBEA-001,雕刻角花,null,null,个,定制中式建筑结构,仁力烨升自品牌,4418990090,null,null,null,null,依据图纸确定,依据图纸确定,依据图纸确定,null,定制中式建筑结构,null,null,胶合木樟子松,null,https://renli2026.oss-cn-chengdu.aliyuncs.com/materials/定制中式建筑结构/WD08-WDAM-ABBEA-001.png,WD08-WDAM-ABBEA-001.png,null,null,null,52:15.1,18:46.3,1,null,null
83,WD08-WDAM-ABCOD-001,基础古建结构搏风板,null,null,个,定制中式建筑结构,仁力烨升自品牌,4418990090,null,null,null,null,依据图纸确定,依据图纸确定,依据图纸确定,null,定制中式建筑结构,null,null,胶合木樟子松,null,https://renli2026.oss-cn-chengdu.aliyuncs.com/materials/定制中式建筑结构/WD08-WDAM-ABCOD-001.png,WD08-WDAM-ABCOD-001.png,null,null,null,52:15.1,18:46.3,1,null,null
84,WD08-WDAM-ABCOL-001,高隔断- 镂空雕花双夹,null,null,个,定制中式建筑结构,仁力烨升自品牌,6810919000,null,null,null,null,依据图纸确定,依据图纸确定,依据图纸确定,null,定制中式建筑结构,null,null,樟子松,null,https://renli2026.oss-cn-chengdu.aliyuncs.com/materials/定制中式建筑结构/WD08-WDAM-ABCOL-001.png,WD08-WDAM-ABCOL-001.png,null,null,null,52:15.1,18:46.3,1,null,null
86,WD08-WDAM-ABCOL-004,副窗-格子,null,null,个,定制中式建筑结构,仁力烨升自品牌,6810919000,null,null,null,null,依据图纸确定,依据图纸确定,依据图纸确定,null,定制中式建筑结构,null,null,胶合木樟子松,null,https://renli2026.oss-cn-chengdu.aliyuncs.com/materials/定制中式建筑结构/WD08-WDAM-ABCOL-004.png,WD08-WDAM-ABCOL-004.png,null,null,null,52:15.1,18:46.3,1,null,null
87,WD08-WDAM-ABGEB-001,发光牌匾-斗匾,null,null,个,定制中式建筑结构,仁力烨升自品牌,9405610000,null,null,null,null,依据图纸确定,依据图纸确定,依据图纸确定,null,定制中式建筑结构,null,null,胶合木樟子松,null,https://renli2026.oss-cn-chengdu.aliyuncs.com/materials/定制中式建筑结构/WD08-WDAM-ABGEB-001.png,WD08-WDAM-ABGEB-001.png,null,null,null,52:15.1,18:46.3,1,null,null
88,WD08-WDAM-ABHLC-001,门-子母门,null,null,个,定制中式建筑结构,仁力烨升自品牌,6810919000,null,null,null,null,依据图纸确定,依据图纸确定,依据图纸确定,null,定制中式建筑结构,null,null,胶合木樟子松,null,https://renli2026.oss-cn-chengdu.aliyuncs.com/materials/定制中式建筑结构/WD08-WDAM-ABHLC-001.png,WD08-WDAM-ABHLC-001.png,null,null,null,52:15.1,18:46.3,1,null,null
90,WD08-WDAM-ABIPL-001,基础古建结构包金柱,null,null,个,定制中式建筑结构,仁力烨升自品牌,6810919000,null,null,null,null,依据图纸确定,依据图纸确定,依据图纸确定,null,定制中式建筑结构,null,null,胶合木樟子松,null,https://renli2026.oss-cn-chengdu.aliyuncs.com/materials/定制中式建筑结构/WD08-WDAM-ABIPL-001.png,WD08-WDAM-ABIPL-001.png,null,null,null,52:15.1,18:46.3,1,null,null
91,WD08-WDAM-ABLAT-002,基础古建结构-檩,null,null,个,定制中式建筑结构,仁力烨升自品牌,4418990090,null,null,null,null,依据图纸确定,依据图纸确定,依据图纸确定,null,定制中式建筑结构,null,null,胶合木樟子松,null,https://renli2026.oss-cn-chengdu.aliyuncs.com/materials/定制中式建筑结构/WD08-WDAM-ABLAT-002.png,WD08-WDAM-ABLAT-002.png,null,null,null,52:15.1,18:46.3,1,null,null
92,WD08-WDAM-ABSQR-001,木梁-普通木梁,null,null,个,定制中式建筑结构,仁力烨升自品牌,4418990090,null,null,null,null,依据图纸确定,依据图纸确定,依据图纸确定,null,定制中式建筑结构,null,null,胶合木樟子松,null,https://renli2026.oss-cn-chengdu.aliyuncs.com/materials/定制中式建筑结构/WD08-WDAM-ABSQR-001.png,WD08-WDAM-ABSQR-001.png,null,null,null,52:15.1,18:46.3,1,null,null
93,WD08-WDAM-ABTAB-001,门-单开门,null,null,个,定制中式建筑结构,仁力烨升自品牌,6810919000,null,null,null,null,依据图纸确定,依据图纸确定,依据图纸确定,null,定制中式建筑结构,null,null,胶合木樟子松,null,https://renli2026.oss-cn-chengdu.aliyuncs.com/materials/定制中式建筑结构/WD08-WDAM-ABTAB-001.png,WD08-WDAM-ABTAB-001.png,null,null,null,52:15.1,18:46.3,1,null,null
94,WD08-WDAM-ABTAB-002,门- 黑漆彩绘大门,null,null,个,定制中式建筑结构,仁力烨升自品牌,6810919000,null,null,null,null,依据图纸确定,依据图纸确定,依据图纸确定,null,定制中式建筑结构,null,null,胶合木樟子松,null,https://renli2026.oss-cn-chengdu.aliyuncs.com/materials/定制中式建筑结构/WD08-WDAM-ABTAB-002.png,WD08-WDAM-ABTAB-002.png,null,null,null,52:15.1,18:46.3,1,null,null
95,WD08-WDAM-WBWPS-001,挂落- 小雕花挂落,null,null,个,定制中式建筑结构,仁力烨升自品牌,4418990090,null,null,null,null,依据图纸确定,依据图纸确定,依据图纸确定,null,定制中式建筑结构,null,null,胶合木樟子松,null,https://renli2026.oss-cn-chengdu.aliyuncs.com/materials/定制中式建筑结构/WD08-WDAM-WBWPS-001.png,WD08-WDAM-WBWPS-001.png,null,null,null,52:15.1,18:46.3,1,null,null
96,CE02-HMWI-FFAOR-001,鱼缸,null,257,null,定制活动家具及软装物料,仁力烨升自品牌,6913100000,null,null,null,null,300,300,200,null,定制活动家具及软装物料,null,null,陶瓷,null,https://renli2026.oss-cn-chengdu.aliyuncs.com/materials/定制活动家具及软装物料/CE02-HMWI-FFAOR-001.png,CE02-HMWI-FFAOR-001.png,null,null,null,52:15.1,18:46.3,1,null,null
98,RDEH FB07-MFCCU-001,门帘-人造皮革,null,null,null,定制活动家具及软装物料,仁力烨升自品牌,3921121000,null,null,null,null,依据图纸确定,依据图纸确定,依据图纸确定,null,定制活动家具及软装物料,null,null,PVC 发泡人造革,null,https://renli2026.oss-cn-chengdu.aliyuncs.com/materials/定制活动家具及软装物料/RDEH FB07-MFCCU-001.png,RDEH FB07-MFCCU-001.png,null,null,null,52:15.1,18:46.3,1,null,null
99,RDEH FB07-MFHGB-001,挂画-普通挂画,null,1440,null,定制活动家具及软装物料,仁力烨升自品牌,8306300000,null,null,null,null,1200,800,20,null,定制活动家具及软装物料,null,null,木框+画布,null,https://renli2026.oss-cn-chengdu.aliyuncs.com/materials/定制活动家具及软装物料/RDEH FB07-MFHGB-001.png,RDEH FB07-MFHGB-001.png,null,null,null,52:15.1,18:46.3,1,null,null
100,RDEH FB07-MFHGB-002,挂画-包间牌匾,null,979,null,定制活动家具及软装物料,仁力烨升自品牌,8306300000,null,null,null,null,1390,450,20,null,定制活动家具及软装物料,null,null,木框+画布,null,https://renli2026.oss-cn-chengdu.aliyuncs.com/materials/定制活动家具及软装物料/RDEH FB07-MFHGB-002.png,RDEH FB07-MFHGB-002.png,null,null,null,52:15.1,18:46.3,1,null,null
101,WD08-WDAM-MFCHR-001,桌椅-单椅,null,378,null,定制活动家具及软装物料,仁力烨升自品牌,9403300090,null,null,null,null,450,450,850,null,定制活动家具及软装物料,null,null,木+漆+石材,null,https://renli2026.oss-cn-chengdu.aliyuncs.com/materials/定制活动家具及软装物料/WD08-WDAM-MFCHR-001.png,WD08-WDAM-MFCHR-001.png,null,null,null,52:15.1,18:46.3,1,null,null
102,WD08-WDAM-MFCHR-002,桌椅-双人椅,null,1539,null,定制活动家具及软装物料,仁力烨升自品牌,9403300090,null,null,null,null,420,860,1200,null,定制活动家具及软装物料,null,null,木+漆+石材,null,https://renli2026.oss-cn-chengdu.aliyuncs.com/materials/定制活动家具及软装物料/WD08-WDAM-MFCHR-002.png,WD08-WDAM-MFCHR-002.png,null,null,null,52:15.1,18:46.3,1,null,null
103,WD08-WDAM-MFCHR-003,桌椅-龙椅,null,3915,null,定制活动家具及软装物料,仁力烨升自品牌,9403300090,null,null,null,null,2300,550,1650,null,定制活动家具及软装物料,null,null,木+漆+石材,null,https://renli2026.oss-cn-chengdu.aliyuncs.com/materials/定制活动家具及软装物料/WD08-WDAM-MFCHR-003.png,WD08-WDAM-MFCHR-003.png,null,null,null,52:15.1,18:46.3,1,null,null
104,WD08-WDAM-MFTBL-001,桌椅-圆桌,null,1887,null,定制活动家具及软装物料,仁力烨升自品牌,9403300090,null,null,null,null,1600,1600,750,null,定制活动家具及软装物料,null,null,木+漆+石材,null,https://renli2026.oss-cn-chengdu.aliyuncs.com/materials/定制活动家具及软装物料/WD08-WDAM-MFTBL-001.png,WD08-WDAM-MFTBL-001.png,null,null,null,52:15.1,18:46.3,1,null,null
105,WD08-WDAM-MFTBL-002,桌椅-方桌,null,1148,null,定制活动家具及软装物料,仁力烨升自品牌,9403300090,null,null,null,null,1200,1200,750,null,定制活动家具及软装物料,null,null,木+漆+石材,null,https://renli2026.oss-cn-chengdu.aliyuncs.com/materials/定制活动家具及软装物料/WD08-WDAM-MFTBL-002.png,WD08-WDAM-MFTBL-002.png,null,null,null,52:15.1,18:46.3,1,null,null
106,WD08-WDAM-MFTBL-003,桌椅-条桌,null,1013,null,定制活动家具及软装物料,仁力烨升自品牌,9403300090,null,null,null,null,1200,900,750,null,定制活动家具及软装物料,null,null,木+漆+石材,null,https://renli2026.oss-cn-chengdu.aliyuncs.com/materials/定制活动家具及软装物料/WD08-WDAM-MFTBL-003.png,WD08-WDAM-MFTBL-003.png,null,null,null,52:15.1,18:46.3,1,null,null
107,WD08-WDAM-MFTBL-004,桌椅-菜架,null,297,null,定制活动家具及软装物料,仁力烨升自品牌,9403300090,null,null,null,null,300,700,800,null,定制活动家具及软装物料,null,null,木+漆+石材,null,https://renli2026.oss-cn-chengdu.aliyuncs.com/materials/定制活动家具及软装物料/WD08-WDAM-MFTBL-004.png,WD08-WDAM-MFTBL-004.png,null,null,null,52:15.1,18:46.3,1,null,null
108,WD08-WDAM-MFTBL-005,桌椅-迎宾台,null,null,null,定制活动家具及软装物料,仁力烨升自品牌,9403300090,null,null,null,null,依据图纸确定,依据图纸确定,依据图纸确定,null,定制活动家具及软装物料,null,null,木+漆+石材,null,https://renli2026.oss-cn-chengdu.aliyuncs.com/materials/定制活动家具及软装物料/WD08-WDAM-MFTBL-005.png,WD08-WDAM-MFTBL-005.png,null,null,null,52:15.1,18:46.3,1,null,null
109,CMO4-MEGT-CACAW-001,定制艺术品 -龙头,null,null,依据图纸确定,定制玻璃钢雕塑,仁力烨升自品牌,3926400000,null,null,null,null,依据图纸确定,依据图纸确定,依据图纸确定,null,定制玻璃钢雕塑,null,null,玻璃钢,null,https://renli2026.oss-cn-chengdu.aliyuncs.com/materials/定制玻璃钢雕塑/CMO4-MEGT-CACAW-001.png,CMO4-MEGT-CACAW-001.png,null,null,null,52:15.1,18:46.3,1,null,null
167,ST01-BKCH-FFFIN-001,台面大理石,null,null,null,定制石材制品,天然大理石,6802211000,null,null,null,null,null,null,null,null,null,null,null,null,null,https://renli2026.oss-cn-chengdu.aliyuncs.com/materials/定制石材制品/ST01-BKCH-FFFIN-001.png,ST01-BKCH-FFFIN-001.png,null,null,null,01:57.4,18:46.3,1,null,null
163,ST012-GYHG-ABPED-001,方形雕花柱础,null,null,null,定制石材制品,黑砂石,null,null,null,null,null,null,null,null,null,null,null,null,null,null,https://renli2026.oss-cn-chengdu.aliyuncs.com/materials/定制石材制品/ST012-GYHG-ABPED-001.png,ST012-GYHG-ABPED-001.png,null,null,null,01:57.4,18:46.3,1,null,null
164,ST012-GYHG-ABPED-002,1/4八边雕花柱础,null,null,null,定制石材制品,黑砂石,null,null,null,null,null,null,null,null,null,null,null,null,null,null,https://renli2026.oss-cn-chengdu.aliyuncs.com/materials/定制石材制品/ST012-GYHG-ABPED-002.png,ST012-GYHG-ABPED-002.png,null,null,null,01:57.4,18:46.3,1,null,null
169,ST02-BKYB-FDFLR-001,石材-宜宾黑烧面门槛石,null,null,null,定制石材制品,天然花岗岩,6802211000,null,null,null,null,null,null,null,null,null,null,null,null,null,https://renli2026.oss-cn-chengdu.aliyuncs.com/materials/定制石材制品/ST02-BKYB-FDFLR-001.png,ST02-BKYB-FDFLR-001.png,null,null,null,01:57.4,18:46.3,1,null,null
162,ST03-BLTQ-ABGUA-001,栓马桩,null,null,null,定制石材制品,铁青石,9703900090,null,null,null,null,null,null,null,null,null,null,null,null,null,https://renli2026.oss-cn-chengdu.aliyuncs.com/materials/定制石材制品/ST03-BLTQ-ABGUA-001.png,ST03-BLTQ-ABGUA-001.png,null,null,null,01:57.4,18:46.3,1,null,null
166,ST03-BLTQ-ABGUA-002,吸金兽,null,null,null,定制石材制品,铁青石,9703900090,null,null,null,null,null,null,null,null,null,null,null,null,null,https://renli2026.oss-cn-chengdu.aliyuncs.com/materials/定制石材制品/ST03-BLTQ-ABGUA-002.png,ST03-BLTQ-ABGUA-002.png,null,null,null,01:57.4,18:46.3,1,null,null
165,ST03-BLTQ-ABPED-003,室外柱础,null,null,null,定制石材制品,铁青石,9703900090,null,null,null,null,null,null,null,null,null,null,null,null,null,https://renli2026.oss-cn-chengdu.aliyuncs.com/materials/定制石材制品/ST03-BLTQ-ABPED-003.png,ST03-BLTQ-ABPED-003.png,null,null,null,01:57.4,18:46.3,1,null,null
168,ST13-WHRN-FFFIN-001,细砂白玉石,null,null,null,定制石材制品,人造大理石,6810191000,null,null,null,null,null,null,null,null,null,null,null,null,null,https://renli2026.oss-cn-chengdu.aliyuncs.com/materials/定制石材制品/ST13-WHRN-FFFIN-001.png,ST13-WHRN-FFFIN-001.png,null,null,null,01:57.4,18:46.3,1,null,null
110,MT01-MEGT-MMCMP-001,定制不锈钢踢脚线,null,null,个,定制金属制品,仁力烨升自品牌,null,null,null,null,null,依据图纸确定,依据图纸确定,依据图纸确定,null,定制金属制品,null,null,304不锈钢,null,https://renli2026.oss-cn-chengdu.aliyuncs.com/materials/定制金属制品/MT01-MEGT-MMCMP-001.png,MT01-MEGT-MMCMP-001.png,null,null,null,52:15.1,18:46.3,1,null,null
111,MT01-MEGT-MMCMP-002,定制黄铜龙摆件（锅具配件）,null,null,个,定制金属制品,仁力烨升自品牌,null,null,null,null,null,null,null,null,null,定制金属制品,null,null,镀铜,null,https://renli2026.oss-cn-chengdu.aliyuncs.com/materials/定制金属制品/MT01-MEGT-MMCMP-002.png,MT01-MEGT-MMCMP-002.png,null,null,null,52:15.1,18:46.3,1,null,null
112,MT01-MEGT-MMCMP-003,锅圈,null,45,个,定制金属制品,仁力烨升自品牌,null,null,null,null,null,40.5,36.5,5.5,null,定制金属制品,null,null,304不锈钢,null,https://renli2026.oss-cn-chengdu.aliyuncs.com/materials/定制金属制品/MT01-MEGT-MMCMP-003.png,MT01-MEGT-MMCMP-003.png,null,null,null,52:15.1,18:46.3,1,null,null
113,MT08-MEGT-EQCKW-001,锅具- 平耳铜红锅 电磁炉版,null,422.8,个,定制金属制品,世友,7418109000,null,null,null,null,400,400,100,null,定制金属制品,null,null,黄铜,null,https://renli2026.oss-cn-chengdu.aliyuncs.com/materials/定制金属制品/MT08-MEGT-EQCKW-001.png,MT08-MEGT-EQCKW-001.png,null,null,null,52:15.1,18:46.3,1,null,null
114,MT08-MEGT-EQCKW-002,锅具- 平耳铜红锅 燃气版,null,422.8,个,定制金属制品,世友,7418109000,null,null,null,null,400,400,100,null,定制金属制品,null,null,黄铜,null,https://renli2026.oss-cn-chengdu.aliyuncs.com/materials/定制金属制品/MT08-MEGT-EQCKW-002.png,MT08-MEGT-EQCKW-002.png,null,null,null,52:15.1,18:46.3,1,null,null
125,MT08-MEGT-MMCMP-001,黄铜条,null,86,张,定制金属制品,仁力烨升自品牌,8302410000,null,null,null,null,160,150,0.5,null,定制金属制品,null,null,黄铜,null,https://renli2026.oss-cn-chengdu.aliyuncs.com/materials/定制金属制品/MT08-MEGT-MMCMP-001.png,MT08-MEGT-MMCMP-001.png,null,null,null,52:15.1,18:46.3,1,null,null
1,CE11-BKCH-HWELI-001,射灯-明装射灯,null,116,个,五金杂件及工程灯具,仁力烨升自品牌,9405410000,null,null,null,null,125,70,70,null,五金杂件及工程灯具,null,null,铝材,null,https://renli2026.oss-cn-chengdu.aliyuncs.com/materials/五金杂件及工程灯具/CE11-BKCH-HWELI-001.png,CE11-BKCH-HWELI-001.png,null,null,null,52:15.1,18:46.3,1,null,null
2,CE11-BKCH-HWELI-002,射灯-暗装射灯,null,116,个,五金杂件及工程灯具,仁力烨升自品牌,9405110000,null,null,null,null,100,75,75,null,五金杂件及工程灯具,null,null,铝材,null,https://renli2026.oss-cn-chengdu.aliyuncs.com/materials/五金杂件及工程灯具/CE11-BKCH-HWELI-002.png,CE11-BKCH-HWELI-002.png,null,null,null,52:15.1,18:46.3,1,null,null
3,CE11-BKCH-HWELI-003,射灯-暗装筒灯,null,23,个,五金杂件及工程灯具,仁力烨升自品牌,9405110000,null,null,null,null,100,75,75,null,五金杂件及工程灯具,null,null,铝材,null,https://renli2026.oss-cn-chengdu.aliyuncs.com/materials/五金杂件及工程灯具/CE11-BKCH-HWELI-003.png,CE11-BKCH-HWELI-003.png,null,null,null,52:15.1,18:46.3,1,null,null
4,CE11-BKCH-HWELI-004,灯带-低压灯带,null,null,个,五金杂件及工程灯具,仁力烨升自品牌,9405500000,null,null,null,null,依据图纸确定,依据图纸确定,依据图纸确定,null,五金杂件及工程灯具,null,null,铜芯包胶灯带,null,https://renli2026.oss-cn-chengdu.aliyuncs.com/materials/五金杂件及工程灯具/CE11-BKCH-HWELI-004.png,CE11-BKCH-HWELI-004.png,null,null,null,52:15.1,18:46.3,1,null,null
5,CE11-BKCH-HWELI-005,灯带-灯带接头,null,27,个,五金杂件及工程灯具,仁力烨升自品牌,9405500000,null,null,null,null,null,null,null,null,五金杂件及工程灯具,null,null,塑料,null,https://renli2026.oss-cn-chengdu.aliyuncs.com/materials/五金杂件及工程灯具/CE11-BKCH-HWELI-005.png,CE11-BKCH-HWELI-005.png,null,null,null,52:15.1,18:46.3,1,null,null
68,CE01-GYHG-ABETH-001,镶板-雕花镶板,null,null,个,定制中式建筑结构,仁力烨升自品牌,4418990090,null,null,null,null,依据图纸确定,依据图纸确定,依据图纸确定,null,定制中式建筑结构,null,null,胶合木樟子松,null,https://renli2026.oss-cn-chengdu.aliyuncs.com/materials/定制中式建筑结构/CE01-GYHG-ABETH-001.png,CE01-GYHG-ABETH-001.png,null,null,null,52:15.1,18:46.3,1,null,null
89,WD08-WDAM-ABIPA-001,基础古建结构 雕龙圆立柱,null,null,根,定制中式建筑结构,仁力烨升自品牌,6810919000,null,null,null,null,依据图纸确定,依据图纸确定,依据图纸确定,null,定制中式建筑结构,null,null,胶合木樟子松,null,https://renli2026.oss-cn-chengdu.aliyuncs.com/materials/定制中式建筑结构/WD08-WDAM-ABIPA-001.png,WD08-WDAM-ABIPA-001.png,null,null,null,52:15.1,18:46.3,1,null,null
134,MT01-BKCH-EQPRE-006,一体机冷凝净化器,null,2800,null,小型电器及设备,雨阳,8516601000,null,null,null,null,依据图纸确定,依据图纸确定,依据图纸确定,null,小型电器及设备,null,null,不锈钢+木作,null,https://renli2026.oss-cn-chengdu.aliyuncs.com/materials/小型电器及设备/MT01-BKCH-EQPRE-006.png,MT01-BKCH-EQPRE-006.png,null,null,null,52:15.1,18:46.3,1,null,null
97,CMO4-MEGT-CACAW-002,仿真盆栽- 普通绿植盆栽,null,null,null,植物盆栽,仁力烨升自品牌,6702903000,null,null,null,null,依据图纸确定,依据图纸确定,依据图纸确定,null,定制活动家具及软装物料,null,null,塑胶,null,https://renli2026.oss-cn-chengdu.aliyuncs.com/materials/植物盆栽/CMO4-MEGT-CACAW-002.png,CMO4-MEGT-CACAW-002.png,null,null,null,52:15.1,18:46.3,1,null,null
135,CMO4-MEGT-CACAW-003,仿真盆栽- 盆栽迎客松,null,null,null,植物盆栽,仁力烨升自品牌,6702903000,null,null,null,null,依据图纸确定,依据图纸确定,依据图纸确定,null,植物盆栽,null,null,塑胶,null,https://renli2026.oss-cn-chengdu.aliyuncs.com/materials/植物盆栽/CMO4-MEGT-CACAW-003.png,CMO4-MEGT-CACAW-003.png,null,null,null,52:15.1,18:46.3,1,null,null
136,CE11-BKCHSSASK-001,配套灯具-打锅射灯,null,null,150,灯笼,仁力烨升自品牌,9405110000,null,null,null,null,100,70,70,null,灯笼,null,null,铝材,null,https://renli2026.oss-cn-chengdu.aliyuncs.com/materials/灯笼/CE11-BKCHSSASK-001.png,CE11-BKCHSSASK-001.png,null,null,null,52:15.1,18:46.3,1,null,null
148,CE01-GYHG-ABCEC-003,翘角-长三星脊翘角,null,null,个,陶制烧制制品,仁力烨升自品牌,6914900000,null,null,null,null,620,150,350,null,陶制烧制制品,null,null,粘土,null,https://renli2026.oss-cn-chengdu.aliyuncs.com/materials/陶制烧制制品/CE01-GYHG-ABCEC-003.png,CE01-GYHG-ABCEC-003.png,null,null,null,52:15.1,18:46.3,1,null,null
149,CE01-GYHG-ABDET-001,瓦片-普通瓦片,null,null,片,陶制烧制制品,仁力烨升自品牌,6914900000,null,null,null,null,175,175,6,null,陶制烧制制品,null,null,粘土,null,https://renli2026.oss-cn-chengdu.aliyuncs.com/materials/陶制烧制制品/CE01-GYHG-ABDET-001.png,CE01-GYHG-ABDET-001.png,null,null,null,52:15.1,18:46.3,1,null,null
150,CE01-GYHG-ABETH-002,瓦片-筒瓦,null,null,片,陶制烧制制品,仁力烨升自品牌,6914900000,null,null,null,null,180,110,8,null,陶制烧制制品,null,null,粘土,null,https://renli2026.oss-cn-chengdu.aliyuncs.com/materials/陶制烧制制品/CE01-GYHG-ABETH-002.png,CE01-GYHG-ABETH-002.png,null,null,null,52:15.1,18:46.3,1,null,null
85,WD08-WDAM-ABCOL-002,风头-三星脊风头,null,null,个,陶制烧制制品,仁力烨升自品牌,6914900000,null,null,null,null,260,140,120,null,定制中式建筑结构,null,null,粘土,null,https://renli2026.oss-cn-chengdu.aliyuncs.com/materials/陶制烧制制品/WD08-WDAM-ABCOL-002.png,WD08-WDAM-ABCOL-002.png,null,null,null,52:15.1,18:46.3,1,null,null
126,MT08-MEGT-MMCMP-002,定制异形黄铜件-U型黄铜条2m款,null,624,根,定制金属制品,仁力烨升自品牌,8302410000,null,null,null,null,5,10,5,null,定制金属制品,null,null,黄铜,null,https://renli2026.oss-cn-chengdu.aliyuncs.com/materials/定制金属制品/MT08-MEGT-MMCMP-002.png,MT08-MEGT-MMCMP-002.png,null,null,null,52:15.1,18:46.3,1,null,null
127,MT08-MEGT-MMCMP-004,铜片,null,null,片,定制金属制品,仁力烨升自品牌,8302410000,null,null,null,null,依据图纸确定,依据图纸确定,依据图纸确定,null,定制金属制品,null,null,黄铜,null,https://renli2026.oss-cn-chengdu.aliyuncs.com/materials/定制金属制品/MT08-MEGT-MMCMP-004.png,MT08-MEGT-MMCMP-004.png,null,null,null,52:15.1,18:46.3,1,null,null
128,MT08-MEGT-MMCMP-005,铜角花-T,null,26,片,定制金属制品,仁力烨升自品牌,8302410000,null,null,null,null,160,80,0.8,null,定制金属制品,null,null,黄铜,null,https://renli2026.oss-cn-chengdu.aliyuncs.com/materials/定制金属制品/MT08-MEGT-MMCMP-005.png,MT08-MEGT-MMCMP-005.png,null,null,null,52:15.1,18:46.3,1,null,null
129,MT01-BKCH-EQPRE-001,瀚红电池炉 国标插头,null,357,null,小型电器及设备,瀚红,8516601000,null,null,null,null,328,328,90,null,小型电器及设备,null,null,不锈钢+微晶玻璃,null,https://renli2026.oss-cn-chengdu.aliyuncs.com/materials/小型电器及设备/MT01-BKCH-EQPRE-001.png,MT01-BKCH-EQPRE-001.png,null,null,null,52:15.1,18:46.3,1,null,null
130,MT01-BKCH-EQPRE-002,瀚红电池炉 欧标插头,null,445,null,小型电器及设备,瀚红,8516601000,null,null,null,null,328,328,90,null,小型电器及设备,null,null,不锈钢+微晶玻璃,null,https://renli2026.oss-cn-chengdu.aliyuncs.com/materials/小型电器及设备/MT01-BKCH-EQPRE-002.png,MT01-BKCH-EQPRE-002.png,null,null,null,52:15.1,18:46.3,1,null,null
131,MT01-BKCH-EQPRE-003,瀚红电池炉 美标插头,null,1071,null,小型电器及设备,瀚红,8516601000,null,null,null,null,328,328,90,null,小型电器及设备,null,null,不锈钢+微晶玻璃,null,https://renli2026.oss-cn-chengdu.aliyuncs.com/materials/小型电器及设备/MT01-BKCH-EQPRE-003.png,MT01-BKCH-EQPRE-003.png,null,null,null,52:15.1,18:46.3,1,null,null
132,MT01-BKCH-EQPRE-004,内芯净化器,null,1758.4,null,小型电器及设备,雨阳,8516601000,null,null,null,null,45,42,76,null,小型电器及设备,null,null,不锈钢+木作,null,https://renli2026.oss-cn-chengdu.aliyuncs.com/materials/小型电器及设备/MT01-BKCH-EQPRE-004.png,MT01-BKCH-EQPRE-004.png,null,null,null,52:15.1,18:46.3,1,null,null
133,MT01-BKCH-EQPRE-005,一体机活性炭净化器,null,2318.4,null,小型电器及设备,雨阳,8516601000,null,null,null,null,依据图纸确定,依据图纸确定,依据图纸确定,null,小型电器及设备,null,null,不锈钢+木作,null,https://renli2026.oss-cn-chengdu.aliyuncs.com/materials/小型电器及设备/MT01-BKCH-EQPRE-005.png,MT01-BKCH-EQPRE-005.png,null,null,null,52:15.1,18:46.3,1,null,null
137,LE01-MEMG-SSASK-001,灯笼- 单个门头灯,null,null,436,灯笼,仁力烨升自品牌,9505909000,null,null,null,null,380,380,683,null,灯笼,null,null,高温烤漆铁艺灯架+防水弹力布外罩,null,https://renli2026.oss-cn-chengdu.aliyuncs.com/materials/灯笼/LE01-MEMG-SSASK-001.png,LE01-MEMG-SSASK-001.png,null,null,null,52:15.1,18:46.3,1,null,null
115,MT08-MEGT-EQCKW-003,锅具- 平耳铜鸳鸯锅电磁炉版,null,492.8,个,定制金属制品,世友,7418109000,null,null,null,null,400,400,100,null,定制金属制品,null,null,黄铜,null,https://renli2026.oss-cn-chengdu.aliyuncs.com/materials/定制金属制品/MT08-MEGT-EQCKW-003.png,MT08-MEGT-EQCKW-003.png,null,null,null,52:15.1,18:46.3,1,null,null
116,MT08-MEGT-EQCKW-004,锅具- 平耳铜鸳鸯锅燃气版,null,492.8,个,定制金属制品,世友,7418109000,null,null,null,null,400,400,100,null,定制金属制品,null,null,黄铜,null,https://renli2026.oss-cn-chengdu.aliyuncs.com/materials/定制金属制品/MT08-MEGT-EQCKW-004.png,MT08-MEGT-EQCKW-004.png,null,null,null,52:15.1,18:46.3,1,null,null
117,MT08-MEGT-EQCKW-005,锅具-平耳 铜三味锅-燃气版,null,534.8,个,定制金属制品,世友,7418109000,null,null,null,null,400,400,100,null,定制金属制品,null,null,黄铜,null,https://renli2026.oss-cn-chengdu.aliyuncs.com/materials/定制金属制品/MT08-MEGT-EQCKW-005.png,MT08-MEGT-EQCKW-005.png,null,null,null,52:15.1,18:46.3,1,null,null
118,MT08-MEGT-EQCKW-006,锅具-平耳 铜三味锅-电磁炉版,null,534.8,个,定制金属制品,世友,7418109000,null,null,null,null,400,400,100,null,定制金属制品,null,null,黄铜,null,https://renli2026.oss-cn-chengdu.aliyuncs.com/materials/定制金属制品/MT08-MEGT-EQCKW-006.png,MT08-MEGT-EQCKW-006.png,null,null,null,52:15.1,18:46.3,1,null,null
119,MT08-MEGT-EQCKW-007,锅具- 立耳 铜红锅-燃气版,null,422.8,个,定制金属制品,世友,7418109000,null,null,null,null,400,400,100,null,定制金属制品,null,null,黄铜,null,https://renli2026.oss-cn-chengdu.aliyuncs.com/materials/定制金属制品/MT08-MEGT-EQCKW-007.png,MT08-MEGT-EQCKW-007.png,null,null,null,52:15.1,18:46.3,1,null,null
120,MT08-MEGT-EQCKW-008,锅具- 立耳铜红锅-电磁炉版,null,422.8,个,定制金属制品,世友,7418109000,null,null,null,null,400,400,100,null,定制金属制品,null,null,黄铜,null,https://renli2026.oss-cn-chengdu.aliyuncs.com/materials/定制金属制品/MT08-MEGT-EQCKW-008.png,MT08-MEGT-EQCKW-008.png,null,null,null,52:15.1,18:46.3,1,null,null
121,MT08-MEGT-EQCKW-009,锅具-立耳 铜鸳鸯锅-燃气版,null,492.8,个,定制金属制品,世友,7418109000,null,null,null,null,400,400,100,null,定制金属制品,null,null,黄铜,null,https://renli2026.oss-cn-chengdu.aliyuncs.com/materials/定制金属制品/MT08-MEGT-EQCKW-009.png,MT08-MEGT-EQCKW-009.png,null,null,null,52:15.1,18:46.3,1,null,null
122,MT08-MEGT-EQCKW-010,锅具-立耳 铜鸳鸯锅-电磁炉版,null,492.8,个,定制金属制品,世友,7418109000,null,null,null,null,400,400,100,null,定制金属制品,null,null,黄铜,null,https://renli2026.oss-cn-chengdu.aliyuncs.com/materials/定制金属制品/MT08-MEGT-EQCKW-010.png,MT08-MEGT-EQCKW-010.png,null,null,null,52:15.1,18:46.3,1,null,null
123,MT08-MEGT-EQCKW-011,锅具-立耳 铜三味锅-燃气版,null,534.8,个,定制金属制品,世友,7418109000,null,null,null,null,400,400,100,null,定制金属制品,null,null,黄铜,null,https://renli2026.oss-cn-chengdu.aliyuncs.com/materials/定制金属制品/MT08-MEGT-EQCKW-011.png,MT08-MEGT-EQCKW-011.png,null,null,null,52:15.1,18:46.3,1,null,null
124,MT08-MEGT-EQCKW-012,锅具-立耳 铜三味锅-电磁炉版,null,534.8,个,定制金属制品,世友,7418109000,null,null,null,null,400,400,100,null,定制金属制品,null,null,黄铜,null,https://renli2026.oss-cn-chengdu.aliyuncs.com/materials/定制金属制品/MT08-MEGT-EQCKW-012.png,MT08-MEGT-EQCKW-012.png,null,null,null,52:15.1,18:46.3,1,null,null
147,CE01-GYHG-ABCEC-002,青砖- 预制工字拼青砖墙板,null,null,板,陶制烧制制品,仁力烨升自品牌,6914900000,null,null,null,null,1200,585,35,null,陶制烧制制品,null,null,粘土+助燃板,null,https://renli2026.oss-cn-chengdu.aliyuncs.com/materials/陶制烧制制品/CE01-GYHG-ABCEC-002.png,CE01-GYHG-ABCEC-002.png,null,null,null,52:15.1,18:46.3,1,null,0.03
138,LE01-MEMG-SSASK-002,灯笼- 两联串门头灯,null,null,601,灯笼,仁力烨升自品牌,9505909000,null,null,null,null,360,360,1030,null,灯笼,null,null,高温烤漆铁艺灯架+防水弹力布外罩,null,https://renli2026.oss-cn-chengdu.aliyuncs.com/materials/灯笼/LE01-MEMG-SSASK-002.png,LE01-MEMG-SSASK-002.png,null,null,null,52:15.1,18:46.3,1,null,null
139,LE01-MEMG-SSASK-003,灯笼- 三联串门头灯,null,null,790,灯笼,仁力烨升自品牌,9505909000,null,null,null,null,380,380,1500,null,灯笼,null,null,高温烤漆铁艺灯架+防水弹力布外罩,null,https://renli2026.oss-cn-chengdu.aliyuncs.com/materials/灯笼/LE01-MEMG-SSASK-003.png,LE01-MEMG-SSASK-003.png,null,null,null,52:15.1,18:46.3,1,null,null
140,LE01-MEMG-SSASK-004,灯笼-吊角灯笼,null,null,213,灯笼,仁力烨升自品牌,9505909000,null,null,null,null,345,345,400,null,灯笼,null,null,铁艺+黄色加厚羊皮,null,https://renli2026.oss-cn-chengdu.aliyuncs.com/materials/灯笼/LE01-MEMG-SSASK-004.png,LE01-MEMG-SSASK-004.png,null,null,null,52:15.1,18:46.3,1,null,null
141,LE01-MEMG-SSASK-005,灯笼- 过道灯-中款,null,null,362,灯笼,仁力烨升自品牌,9505909000,null,null,null,null,360,360,700,null,灯笼,null,null,高温烤漆铁艺灯架+防水弹力布外罩,null,https://renli2026.oss-cn-chengdu.aliyuncs.com/materials/灯笼/LE01-MEMG-SSASK-005.png,LE01-MEMG-SSASK-005.png,null,null,null,52:15.1,18:46.3,1,null,null
142,LE01-MEMG-SSASK-006,灯笼- 过道灯-长款,null,null,398,灯笼,仁力烨升自品牌,9505909000,null,null,null,null,360,360,900,null,灯笼,null,null,高温烤漆铁艺灯架+防水弹力布外罩,null,https://renli2026.oss-cn-chengdu.aliyuncs.com/materials/灯笼/LE01-MEMG-SSASK-006.png,LE01-MEMG-SSASK-006.png,null,null,null,52:15.1,18:46.3,1,null,null
143,LE01-RDDH-SSASK-001,灯笼- 桌上红灯笼,null,null,436,灯笼,仁力烨升自品牌,9505909000,null,null,null,null,380,380,683,null,灯笼,null,null,高温烤漆铁艺灯架+防水弹力布外罩,null,https://renli2026.oss-cn-chengdu.aliyuncs.com/materials/灯笼/LE01-RDDH-SSASK-001.png,LE01-RDDH-SSASK-001.png,null,null,null,52:15.1,18:46.3,1,null,null
144,LE01-RDDH-SSASK-002,灯笼- 包间宫灯-短款,null,null,563,灯笼,仁力烨升自品牌,9505900000,null,null,null,null,650,650,650,null,灯笼,null,null,实木雕花+防退色羊皮饰面+高清丝印LOGO,null,https://renli2026.oss-cn-chengdu.aliyuncs.com/materials/灯笼/LE01-RDDH-SSASK-002.png,LE01-RDDH-SSASK-002.png,null,null,null,52:15.1,18:46.3,1,null,null
145,LE01-RDDH-SSASK-003,灯笼- 包间宫灯-中款,null,null,675,灯笼,仁力烨升自品牌,9505900000,null,null,null,null,750,750,750,null,灯笼,null,null,实木雕花+防退色羊皮饰面+高清丝印LOGO,null,https://renli2026.oss-cn-chengdu.aliyuncs.com/materials/灯笼/LE01-RDDH-SSASK-003.png,LE01-RDDH-SSASK-003.png,null,null,null,52:15.1,18:46.3,1,null,null
146,CE01-GYHG-ABCEC-001,瓦当-普通瓦当,null,null,片,陶制烧制制品,仁力烨升自品牌,6914900000,null,null,null,null,185,175,10,null,陶制烧制制品,null,null,粘土,null,https://renli2026.oss-cn-chengdu.aliyuncs.com/materials/陶制烧制制品/CE01-GYHG-ABCEC-001.png,CE01-GYHG-ABCEC-001.png,null,null,null,52:15.1,18:46.3,1,null,null
151,CE01-GYHG-ABHRG-002,正脊-三星脊,null,null,个,陶制烧制制品,仁力烨升自品牌,6914900000,null,null,null,null,185,140,180,null,陶制烧制制品,null,null,粘土,null,https://renli2026.oss-cn-chengdu.aliyuncs.com/materials/陶制烧制制品/CE01-GYHG-ABHRG-002.png,CE01-GYHG-ABHRG-002.png,null,null,null,52:15.1,18:46.3,1,null,null
153,CE01-GYHG-ABWBG-001,瓦当-筒瓦瓦当,null,null,片,陶制烧制制品,仁力烨升自品牌,6914900000,null,null,null,null,210,110,10,null,陶制烧制制品,null,null,粘土,null,https://renli2026.oss-cn-chengdu.aliyuncs.com/materials/陶制烧制制品/CE01-GYHG-ABWBG-001.png,CE01-GYHG-ABWBG-001.png,null,null,null,52:15.1,18:46.3,1,null,null
154,ST08-WDAM-ABTIE-001,滴水,null,null,片,陶制烧制制品,仁力烨升自品牌,6914900000,null,null,null,null,200,175,10,null,陶制烧制制品,null,null,粘土,null,https://renli2026.oss-cn-chengdu.aliyuncs.com/materials/陶制烧制制品/ST08-WDAM-ABTIE-001.png,ST08-WDAM-ABTIE-001.png,null,null,null,52:15.1,18:46.3,1,null,null
155,WD012-WDAM-ABPED-002,翘角-三星脊翘角,null,null,个,陶制烧制制品,仁力烨升自品牌,6914900000,null,null,null,null,300,120,330,null,陶制烧制制品,null,null,粘土,null,https://renli2026.oss-cn-chengdu.aliyuncs.com/materials/陶制烧制制品/WD012-WDAM-ABPED-002.png,WD012-WDAM-ABPED-002.png,null,null,null,52:15.1,18:46.3,1,null,null
156,WD08-WDWDABRAF-001,挡沟,null,null,片,陶制烧制制品,仁力烨升自品牌,6914900000,null,null,null,null,185,30,125,null,陶制烧制制品,null,null,粘土,null,https://renli2026.oss-cn-chengdu.aliyuncs.com/materials/陶制烧制制品/WD08-WDWDABRAF-001.png,WD08-WDWDABRAF-001.png,null,null,null,52:15.1,18:46.3,1,null,null
152,CE01-GYHG-ABMRR-001,翘角-筒瓦翘角,null,null,个,陶制烧制制品,仁力烨升自品牌,6914900000,null,null,null,null,220,120,210,null,陶制烧制制品,null,null,粘土,null,https://renli2026.oss-cn-chengdu.aliyuncs.com/materials/陶制烧制制品/CE01-GYHG-ABMRR-001.png,CE01-GYHG-ABMRR-001.png,null,null,null,52:15.1,18:46.3,1,null,0.375
