pic_destination_folder,pic_source_try_order,category_db,old_code,new_code,src_found_folder,expected_src_rel,dst_rel,src_found
不锈钢,不锈钢 | 定制金属制品,定制金属制品,MT01-MEGT-MMCMP-001,MT04-GYHG-X036-001,,不锈钢/MT01-MEGT-MMCMP-001.png,不锈钢/MT04-GYHG-X036-001.png,no
不锈钢,不锈钢 | 定制金属制品,定制金属制品,MT01-MEGT-MMCMP-002,MT04-GYHG-X3E7-001,,不锈钢/MT01-MEGT-MMCMP-002.png,不锈钢/MT04-GYHG-X3E7-001.png,no
五金杂件,五金杂件 | 五金杂件及工程灯具,五金杂件及工程灯具,MT08-MEGT-HWNIL-001,HW10-GYHG-X8F5-001,,五金杂件/MT08-MEGT-HWNIL-001.png,五金杂件/HW10-GYHG-X8F5-001.png,no
五金杂件,五金杂件 | 五金杂件及工程灯具,五金杂件及工程灯具,MT08-MEGT-HWNIL-002,HW10-GYHG-MMX-001,,五金杂件/MT08-MEGT-HWNIL-002.png,五金杂件/HW10-GYHG-MMX-001.png,no
五金杂件,五金杂件 | 五金杂件及工程灯具,五金杂件及工程灯具,MT08-MEGT-MMCMP-003,HW10-GYHG-XA65-001,,五金杂件/MT08-MEGT-MMCMP-003.png,五金杂件/HW10-GYHG-XA65-001.png,no
五金杂件,五金杂件 | 五金杂件及工程灯具,五金杂件及工程灯具,MT08-MEGT-MMCMP-002,HW10-GYHG-X06B-001,,五金杂件/MT08-MEGT-MMCMP-002.png,五金杂件/HW10-GYHG-X06B-001.png,no
五金杂件,五金杂件 | 五金杂件及工程灯具,五金杂件及工程灯具,MT08-MEGT-MMCMP-004,HW10-GYHG-MMX-002,,五金杂件/MT08-MEGT-MMCMP-004.png,五金杂件/HW10-GYHG-MMX-002.png,no
五金杂件,五金杂件 | 五金杂件及工程灯具,五金杂件及工程灯具,MT08-MEGT-MMCMP-001,HW10-GYHG-XCDE-001,,五金杂件/MT08-MEGT-MMCMP-001.png,五金杂件/HW10-GYHG-XCDE-001.png,no
五金杂件,五金杂件 | 五金杂件及工程灯具,五金杂件及工程灯具,MT08-MEGT-MMCMP-005,HW10-GYHG-XF3D-001,,五金杂件/MT08-MEGT-MMCMP-005.png,五金杂件/HW10-GYHG-XF3D-001.png,no
五金杂件,五金杂件 | 五金杂件及工程灯具,五金杂件及工程灯具,MT08-MEGT-MMCMP-005,HW10-GYHG-X68E-001,,五金杂件/MT08-MEGT-MMCMP-005.png,五金杂件/HW10-GYHG-X68E-001.png,no
五金杂件,五金杂件 | 五金杂件及工程灯具,五金杂件及工程灯具,MT08-MEGT-MMCMP-004,HW10-GYHG-X07B-001,,五金杂件/MT08-MEGT-MMCMP-004.png,五金杂件/HW10-GYHG-X07B-001.png,no
五金杂件,五金杂件 | 五金杂件及工程灯具,五金杂件及工程灯具,MT08-MEGT-HWDAM-D01,HW10-GYHG-NFMB-001,,五金杂件/MT08-MEGT-HWDAM-D01.png,五金杂件/HW10-GYHG-NFMB-001.png,no
五金杂件,五金杂件 | 五金杂件及工程灯具,五金杂件及工程灯具,MT08-HWRN-HWTRK-D01,HW10-GYHG-X745-001,,五金杂件/MT08-HWRN-HWTRK-D01.png,五金杂件/HW10-GYHG-X745-001.png,no
五金杂件,五金杂件 | 五金杂件及工程灯具,五金杂件及工程灯具,MT08-HWRN-HWPUL-D01,HW10-GYHG-X7F3-001,,五金杂件/MT08-HWRN-HWPUL-D01.png,五金杂件/HW10-GYHG-X7F3-001.png,no
五金杂件,五金杂件 | 五金杂件及工程灯具,五金杂件及工程灯具,MT08-MEGT-MMCMP-003,HW10-GYHG-X666-001,,五金杂件/MT08-MEGT-MMCMP-003.png,五金杂件/HW10-GYHG-X666-001.png,no
五金杂件,五金杂件 | 五金杂件及工程灯具,五金杂件及工程灯具,MT08-MEGT-HWNIL-003,HW10-GYHG-X515-001,,五金杂件/MT08-MEGT-HWNIL-003.png,五金杂件/HW10-GYHG-X515-001.png,no
五金杂件,五金杂件 | 五金杂件及工程灯具,五金杂件及工程灯具,MT06-GYQH-HWNIL-001,HW10-GYHG-X558-001,,五金杂件/MT06-GYQH-HWNIL-001.png,五金杂件/HW10-GYHG-X558-001.png,no
五金杂件,五金杂件 | 五金杂件及工程灯具,五金杂件及工程灯具,MT06-GYQH-HWNIL-001,HW10-GYHG-X428-001,,五金杂件/MT06-GYQH-HWNIL-001.png,五金杂件/HW10-GYHG-X428-001.png,no
五金杂件,五金杂件 | 五金杂件及工程灯具,五金杂件及工程灯具,CM03-TRBT-HWGLU-001,HW10-GYHG-X08B-001,,五金杂件/CM03-TRBT-HWGLU-001.png,五金杂件/HW10-GYHG-X08B-001.png,no
厨房设备,厨房设备 | 厨房电器及设备,厨房电器及设备,MT01-NTBX-EQKAT-001,KT08-GYHG-X29B-001,,厨房设备/MT01-NTBX-EQKAT-001.png,厨房设备/KT08-GYHG-X29B-001.png,no
厨房设备,厨房设备 | 厨房电器及设备,厨房电器及设备,MT01-NTBX-EQKAT-002,KT08-GYHG-X151-001,,厨房设备/MT01-NTBX-EQKAT-002.png,厨房设备/KT08-GYHG-X151-001.png,no
厨房设备,厨房设备 | 厨房电器及设备,厨房电器及设备,MT01-NTBX-EQKAT-003,KT08-GYHG-SYN-001,,厨房设备/MT01-NTBX-EQKAT-003.png,厨房设备/KT08-GYHG-SYN-001.png,no
厨房设备,厨房设备 | 厨房电器及设备,厨房电器及设备,MT01-NTBX-EQKAT-004,KT08-GYHG-SYK-001,,厨房设备/MT01-NTBX-EQKAT-004.png,厨房设备/KT08-GYHG-SYK-001.png,no
厨房设备,厨房设备 | 厨房电器及设备,厨房电器及设备,MT01-NTBX-EQKAT-005,KT08-GYHG-XF07-001,,厨房设备/MT01-NTBX-EQKAT-005.png,厨房设备/KT08-GYHG-XF07-001.png,no
厨房设备,厨房设备 | 厨房电器及设备,厨房电器及设备,MT01-NTBX-EQKAT-006,KT08-GYHG-SNC-001,,厨房设备/MT01-NTBX-EQKAT-006.png,厨房设备/KT08-GYHG-SNC-001.png,no
厨房设备,厨房设备 | 厨房电器及设备,厨房电器及设备,MT01-NTBX-EQKAT-007,KT08-GYHG-XA6D-001,,厨房设备/MT01-NTBX-EQKAT-007.png,厨房设备/KT08-GYHG-XA6D-001.png,no
厨房设备,厨房设备 | 厨房电器及设备,厨房电器及设备,MT01-NTBX-EQKAT-008,KT08-GYHG-X399-001,,厨房设备/MT01-NTBX-EQKAT-008.png,厨房设备/KT08-GYHG-X399-001.png,no
厨房设备,厨房设备 | 厨房电器及设备,厨房电器及设备,MT01-NTBX-EQKAT-009,KT08-GYHG-X47D-001,,厨房设备/MT01-NTBX-EQKAT-009.png,厨房设备/KT08-GYHG-X47D-001.png,no
厨房设备,厨房设备 | 厨房电器及设备,厨房电器及设备,MT01-NTBX-EQKAT-010,KT08-GYHG-XC5E-001,,厨房设备/MT01-NTBX-EQKAT-010.png,厨房设备/KT08-GYHG-XC5E-001.png,no
厨房设备,厨房设备 | 厨房电器及设备,厨房电器及设备,MT01-NTBX-EQKAT-011,KT08-GYHG-X772-001,,厨房设备/MT01-NTBX-EQKAT-011.png,厨房设备/KT08-GYHG-X772-001.png,no
厨房设备,厨房设备 | 厨房电器及设备,厨房电器及设备,MT01-NTBX-EQKAT-012,KT08-GYHG-X5A8-001,,厨房设备/MT01-NTBX-EQKAT-012.png,厨房设备/KT08-GYHG-X5A8-001.png,no
厨房设备,厨房设备 | 厨房电器及设备,厨房电器及设备,MT01-NTBX-EQKAT-013,KT08-GYHG-XEC8-001,,厨房设备/MT01-NTBX-EQKAT-013.png,厨房设备/KT08-GYHG-XEC8-001.png,no
厨房设备,厨房设备 | 厨房电器及设备,厨房电器及设备,MT01-NTBX-EQKAT-014,KT08-GYHG-XC27-001,,厨房设备/MT01-NTBX-EQKAT-014.png,厨房设备/KT08-GYHG-XC27-001.png,no
厨房设备,厨房设备 | 厨房电器及设备,厨房电器及设备,MT01-NTBX-EQKAT-015,KT08-GYHG-X93B-001,,厨房设备/MT01-NTBX-EQKAT-015.png,厨房设备/KT08-GYHG-X93B-001.png,no
厨房设备,厨房设备 | 厨房电器及设备,厨房电器及设备,MT01-NTBX-EQKAT-016,KT08-GYHG-XE0F-001,,厨房设备/MT01-NTBX-EQKAT-016.png,厨房设备/KT08-GYHG-XE0F-001.png,no
厨房设备,厨房设备 | 厨房电器及设备,厨房电器及设备,MT01-NTBX-EQKAT-017,KT08-GYHG-X7BB-001,,厨房设备/MT01-NTBX-EQKAT-017.png,厨房设备/KT08-GYHG-X7BB-001.png,no
厨房设备,厨房设备 | 厨房电器及设备,厨房电器及设备,MT01-NTBX-EQKAT-018,KT08-GYHG-XD1A-001,,厨房设备/MT01-NTBX-EQKAT-018.png,厨房设备/KT08-GYHG-XD1A-001.png,no
厨房设备,厨房设备 | 厨房电器及设备,厨房电器及设备,MT01-NTBX-EQKAT-019,KT08-GYHG-SPO-001,,厨房设备/MT01-NTBX-EQKAT-019.png,厨房设备/KT08-GYHG-SPO-001.png,no
厨房设备,厨房设备 | 厨房电器及设备,厨房电器及设备,MT01-NTBX-EQKAT-020,KT08-GYHG-SPO-002,,厨房设备/MT01-NTBX-EQKAT-020.png,厨房设备/KT08-GYHG-SPO-002.png,no
厨房设备,厨房设备 | 厨房电器及设备,厨房电器及设备,MT01-NTBX-EQKAT-021,KT08-GYHG-SPS-001,,厨房设备/MT01-NTBX-EQKAT-021.png,厨房设备/KT08-GYHG-SPS-001.png,no
厨房设备,厨房设备 | 厨房电器及设备,厨房电器及设备,MT01-NTBX-EQKAT-022,KT08-GYHG-SCX-001,,厨房设备/MT01-NTBX-EQKAT-022.png,厨房设备/KT08-GYHG-SCX-001.png,no
厨房设备,厨房设备 | 厨房电器及设备,厨房电器及设备,MT01-NTBX-EQKAT-023,KT08-GYHG-KGX-001,,厨房设备/MT01-NTBX-EQKAT-023.png,厨房设备/KT08-GYHG-KGX-001.png,no
厨房设备,厨房设备 | 厨房电器及设备,厨房电器及设备,MT01-NTBX-EQKAT-024,KT08-GYHG-SYX-001,,厨房设备/MT01-NTBX-EQKAT-024.png,厨房设备/KT08-GYHG-SYX-001.png,no
厨房设备,厨房设备 | 厨房电器及设备,厨房电器及设备,MT01-NTBX-EQKAT-025,KT08-GYHG-SQB-001,,厨房设备/MT01-NTBX-EQKAT-025.png,厨房设备/KT08-GYHG-SQB-001.png,no
厨房设备,厨房设备 | 厨房电器及设备,厨房电器及设备,MT01-NTBX-EQKAT-026,KT08-GYHG-SXAA-001,,厨房设备/MT01-NTBX-EQKAT-026.png,厨房设备/KT08-GYHG-SXAA-001.png,no
厨房设备,厨房设备 | 厨房电器及设备,厨房电器及设备,MT01-NTBX-EQKAT-027,KT08-GYHG-X0E3-001,,厨房设备/MT01-NTBX-EQKAT-027.png,厨房设备/KT08-GYHG-X0E3-001.png,no
厨房设备,厨房设备 | 厨房电器及设备,厨房电器及设备,MT01-NTBX-EQKAT-028,KT08-GYHG-SYD-001,,厨房设备/MT01-NTBX-EQKAT-028.png,厨房设备/KT08-GYHG-SYD-001.png,no
厨房设备,厨房设备 | 厨房电器及设备,厨房电器及设备,MT01-NTBX-EQKAT-029,KT08-GYHG-XD13-001,,厨房设备/MT01-NTBX-EQKAT-029.png,厨房设备/KT08-GYHG-XD13-001.png,no
厨房设备,厨房设备 | 厨房电器及设备,厨房电器及设备,MT01-NTBX-EQKAT-030,KT08-GYHG-XDCB-001,,厨房设备/MT01-NTBX-EQKAT-030.png,厨房设备/KT08-GYHG-XDCB-001.png,no
厨房设备,厨房设备 | 厨房电器及设备,厨房电器及设备,MT01-NTBX-EQKAT-031,KT08-GYHG-XA3B-001,,厨房设备/MT01-NTBX-EQKAT-031.png,厨房设备/KT08-GYHG-XA3B-001.png,no
厨房设备,厨房设备 | 厨房电器及设备,厨房电器及设备,MT01-NTBX-EQKAT-032,KT08-GYHG-X692-001,,厨房设备/MT01-NTBX-EQKAT-032.png,厨房设备/KT08-GYHG-X692-001.png,no
厨房设备,厨房设备 | 厨房电器及设备,厨房电器及设备,MT01-NTBX-EQKAT-033,KT08-GYHG-XC43-001,,厨房设备/MT01-NTBX-EQKAT-033.png,厨房设备/KT08-GYHG-XC43-001.png,no
厨房设备,厨房设备 | 厨房电器及设备,厨房电器及设备,MT01-NTBX-EQKAT-034,KT08-GYHG-X959-001,,厨房设备/MT01-NTBX-EQKAT-034.png,厨房设备/KT08-GYHG-X959-001.png,no
厨房设备,厨房设备 | 厨房电器及设备,厨房电器及设备,MT01-NTBX-EQKAT-035,KT08-GYHG-SYA-001,,厨房设备/MT01-NTBX-EQKAT-035.png,厨房设备/KT08-GYHG-SYA-001.png,no
古建木结构,古建木结构 | 定制中式建筑结构,定制中式建筑结构,CE01-GYHG-ABRTL-001,WD08-GYHG-X870-001,,古建木结构/CE01-GYHG-ABRTL-001.png,古建木结构/WD08-GYHG-X870-001.png,no
古建木结构,古建木结构 | 定制中式建筑结构,定制中式建筑结构,CE01-GYHG-ABETH-001,WD08-GYHG-X1D6-001,,古建木结构/CE01-GYHG-ABETH-001.png,古建木结构/WD08-GYHG-X1D6-001.png,no
古建木结构,古建木结构 | 定制中式建筑结构,定制中式建筑结构,WD012-WDAM-ABLIT-001,WD08-GYHG-X7BA-001,,古建木结构/WD012-WDAM-ABLIT-001.png,古建木结构/WD08-GYHG-X7BA-001.png,no
古建木结构,古建木结构 | 定制中式建筑结构,定制中式建筑结构,WD08-WDAM-ABSQR-001,WD08-GYHG-X67B-001,,古建木结构/WD08-WDAM-ABSQR-001.png,古建木结构/WD08-GYHG-X67B-001.png,no
古建木结构,古建木结构 | 定制中式建筑结构,定制中式建筑结构,WD012-WDAM-ABPED-004,WD08-GYHG-X222-001,,古建木结构/WD012-WDAM-ABPED-004.png,古建木结构/WD08-GYHG-X222-001.png,no
古建木结构,古建木结构 | 定制中式建筑结构,定制中式建筑结构,WD012-WDAM-ABPED-005,WD08-GYHG-X756-001,,古建木结构/WD012-WDAM-ABPED-005.png,古建木结构/WD08-GYHG-X756-001.png,no
古建木结构,古建木结构 | 定制中式建筑结构,定制中式建筑结构,WD012-WDAM-ABPED-005,WD08-GYHG-X35E-001,,古建木结构/WD012-WDAM-ABPED-005.png,古建木结构/WD08-GYHG-X35E-001.png,no
古建木结构,古建木结构 | 定制中式建筑结构,定制中式建筑结构,WD08-WDAM-ABHLC-001,WD08-GYHG-X9F9-001,,古建木结构/WD08-WDAM-ABHLC-001.png,古建木结构/WD08-GYHG-X9F9-001.png,no
古建木结构,古建木结构 | 定制中式建筑结构,定制中式建筑结构,WD012-WDAM-ABHOC-001,WD08-GYHG-XFE2-001,,古建木结构/WD012-WDAM-ABHOC-001.png,古建木结构/WD08-GYHG-XFE2-001.png,no
古建木结构,古建木结构 | 定制中式建筑结构,定制中式建筑结构,WD08-WDAM-ABTAB-001,WD08-GYHG-XFC0-001,,古建木结构/WD08-WDAM-ABTAB-001.png,古建木结构/WD08-GYHG-XFC0-001.png,no
古建木结构,古建木结构 | 定制中式建筑结构,定制中式建筑结构,WD08-WDAM-ABTAB-002,WD08-GYHG-XD82-001,,古建木结构/WD08-WDAM-ABTAB-002.png,古建木结构/WD08-GYHG-XD82-001.png,no
古建木结构,古建木结构 | 定制中式建筑结构,定制中式建筑结构,WD08-WDAM-ABLAT-002,WD08-GYHG-XE6A-001,,古建木结构/WD08-WDAM-ABLAT-002.png,古建木结构/WD08-GYHG-XE6A-001.png,no
古建木结构,古建木结构 | 定制中式建筑结构,定制中式建筑结构,WD012-WDAM-ABPED-005,WD08-GYHG-X0D3-001,,古建木结构/WD012-WDAM-ABPED-005.png,古建木结构/WD08-GYHG-X0D3-001.png,no
古建木结构,古建木结构 | 定制中式建筑结构,定制中式建筑结构,WD08-WDAM-ABCOD-001,WD08-GYHG-X4EC-001,,古建木结构/WD08-WDAM-ABCOD-001.png,古建木结构/WD08-GYHG-X4EC-001.png,no
古建木结构,古建木结构 | 定制中式建筑结构,定制中式建筑结构,WD08-WDAM-ABIPL-001,WD08-GYHG-X6E2-001,,古建木结构/WD08-WDAM-ABIPL-001.png,古建木结构/WD08-GYHG-X6E2-001.png,no
古建木结构,古建木结构 | 定制中式建筑结构,定制中式建筑结构,WD012-WDAM-ABWPS-001,WD08-GYHG-X962-001,,古建木结构/WD012-WDAM-ABWPS-001.png,古建木结构/WD08-GYHG-X962-001.png,no
古建木结构,古建木结构 | 定制中式建筑结构,定制中式建筑结构,WD08-WDAM-ABIPA-001,WD08-GYHG-X152-001,,古建木结构/WD08-WDAM-ABIPA-001.png,古建木结构/WD08-GYHG-X152-001.png,no
古建木结构,古建木结构 | 定制中式建筑结构,定制中式建筑结构,WD08-WDAM-WBWPS-001,WD08-GYHG-X324-001,,古建木结构/WD08-WDAM-WBWPS-001.png,古建木结构/WD08-GYHG-X324-001.png,no
古建木结构,古建木结构 | 定制中式建筑结构,定制中式建筑结构,WD012-WDAM-ABCOR-004,WD08-GYHG-X8DB-001,,古建木结构/WD012-WDAM-ABCOR-004.png,古建木结构/WD08-GYHG-X8DB-001.png,no
古建木结构,古建木结构 | 定制中式建筑结构,定制中式建筑结构,WD012-WDAM-ABFHS-001,WD08-GYHG-XE14-001,,古建木结构/WD012-WDAM-ABFHS-001.png,古建木结构/WD08-GYHG-XE14-001.png,no
古建木结构,古建木结构 | 定制中式建筑结构,定制中式建筑结构,WD012-WDAM-ABBAL-002,WD08-GYHG-X394-001,,古建木结构/WD012-WDAM-ABBAL-002.png,古建木结构/WD08-GYHG-X394-001.png,no
古建木结构,古建木结构 | 定制中式建筑结构,定制中式建筑结构,WD08-WDAM-ABCOL-001,WD08-GYHG-XFE4-001,,古建木结构/WD08-WDAM-ABCOL-001.png,古建木结构/WD08-GYHG-XFE4-001.png,no
古建木结构,古建木结构 | 定制中式建筑结构,定制中式建筑结构,WD08-WDAM-ABCOL-002,WD08-GYHG-X04D-001,,古建木结构/WD08-WDAM-ABCOL-002.png,古建木结构/WD08-GYHG-X04D-001.png,no
古建木结构,古建木结构 | 定制中式建筑结构,定制中式建筑结构,WD08-WDAM-ABCOL-004,WD08-GYHG-XB96-001,,古建木结构/WD08-WDAM-ABCOL-004.png,古建木结构/WD08-GYHG-XB96-001.png,no
古建木结构,古建木结构 | 定制中式建筑结构,定制中式建筑结构,WD08-WDAM-ABGEB-001,WD08-GYHG-X367-001,,古建木结构/WD08-WDAM-ABGEB-001.png,古建木结构/WD08-GYHG-X367-001.png,no
古建木结构,古建木结构 | 定制中式建筑结构,定制中式建筑结构,WD08-WDAM-ABBEA-001,WD08-GYHG-XCC1-001,,古建木结构/WD08-WDAM-ABBEA-001.png,古建木结构/WD08-GYHG-XCC1-001.png,no
古建木结构,古建木结构 | 定制中式建筑结构,定制中式建筑结构,WD012-WDAM-ABCOR-001,WD08-GYHG-X7CE-001,,古建木结构/WD012-WDAM-ABCOR-001.png,古建木结构/WD08-GYHG-X7CE-001.png,no
古建木结构,古建木结构 | 定制中式建筑结构,定制中式建筑结构,WD012-WDAM-ABCOR-002,WD08-GYHG-XDF5-001,,古建木结构/WD012-WDAM-ABCOR-002.png,古建木结构/WD08-GYHG-XDF5-001.png,no
古建木结构,古建木结构 | 定制中式建筑结构,定制中式建筑结构,WD012-WDAM-ABCOR-003,WD08-GYHG-X38A-001,,古建木结构/WD012-WDAM-ABCOR-003.png,古建木结构/WD08-GYHG-X38A-001.png,no
古建木结构,古建木结构 | 定制中式建筑结构,定制中式建筑结构,CE01-GYHG-ABHRG-001,WD08-GYHG-X98E-001,,古建木结构/CE01-GYHG-ABHRG-001.png,古建木结构/WD08-GYHG-X98E-001.png,no
工程灯具,工程灯具 | 五金杂件及工程灯具,五金杂件及工程灯具,CE11-BKCH-HWELI-001,HW10-GYHG-XE32-001,,工程灯具/CE11-BKCH-HWELI-001.png,工程灯具/HW10-GYHG-XE32-001.png,no
工程灯具,工程灯具 | 五金杂件及工程灯具,五金杂件及工程灯具,CE11-BKCH-HWELI-002,HW10-GYHG-X6C3-001,,工程灯具/CE11-BKCH-HWELI-002.png,工程灯具/HW10-GYHG-X6C3-001.png,no
工程灯具,工程灯具 | 五金杂件及工程灯具,五金杂件及工程灯具,CE11-BKCH-HWELI-003,HW10-GYHG-X1DD-001,,工程灯具/CE11-BKCH-HWELI-003.png,工程灯具/HW10-GYHG-X1DD-001.png,no
工程灯具,工程灯具 | 五金杂件及工程灯具,五金杂件及工程灯具,CE11-BKCH-HWELI-004,HW10-GYHG-XB92-001,,工程灯具/CE11-BKCH-HWELI-004.png,工程灯具/HW10-GYHG-XB92-001.png,no
工程灯具,工程灯具 | 五金杂件及工程灯具,五金杂件及工程灯具,CE11-BKCH-HWELI-004,HW10-GYHG-X325-001,,工程灯具/CE11-BKCH-HWELI-004.png,工程灯具/HW10-GYHG-X325-001.png,no
工程灯具,工程灯具 | 五金杂件及工程灯具,五金杂件及工程灯具,CE11-BKCH-HWELI-005,HW10-GYHG-X5BA-001,,工程灯具/CE11-BKCH-HWELI-005.png,工程灯具/HW10-GYHG-X5BA-001.png,no
工程灯具,工程灯具 | 五金杂件及工程灯具,五金杂件及工程灯具,CE11-BKCH-HWELI-006,HW10-GYHG-ALX-001,,工程灯具/CE11-BKCH-HWELI-006.png,工程灯具/HW10-GYHG-ALX-001.png,no
工程灯具,工程灯具 | 五金杂件及工程灯具,五金杂件及工程灯具,CE11-BKCH-HWELI-007,HW10-GYHG-X777-001,,工程灯具/CE11-BKCH-HWELI-007.png,工程灯具/HW10-GYHG-X777-001.png,no
工程灯具,工程灯具 | 五金杂件及工程灯具,五金杂件及工程灯具,CE11-BKCH-HWTRA-001,HW10-GYHG-XEA3-001,,工程灯具/CE11-BKCH-HWTRA-001.png,工程灯具/HW10-GYHG-XEA3-001.png,no
工程灯具,工程灯具 | 五金杂件及工程灯具,五金杂件及工程灯具,CE11-BKCH-HWHPS-001,HW10-GYHG-X1E1-001,,工程灯具/CE11-BKCH-HWHPS-001.png,工程灯具/HW10-GYHG-X1E1-001.png,no
工程灯具,工程灯具 | 五金杂件及工程灯具,五金杂件及工程灯具,CE11-WHRN-HWELI-007,HW10-GYHG-LED-001,,工程灯具/CE11-WHRN-HWELI-007.png,工程灯具/HW10-GYHG-LED-001.png,no
工程灯具,工程灯具 | 五金杂件及工程灯具,五金杂件及工程灯具,CE11-BKCH-HWELI-008,HW10-GYHG-LED-002,,工程灯具/CE11-BKCH-HWELI-008.png,工程灯具/HW10-GYHG-LED-002.png,no
工程灯具,工程灯具 | 五金杂件及工程灯具,五金杂件及工程灯具,CE11-BKCH-HWTRA-002,HW10-GYHG-X310-001,,工程灯具/CE11-BKCH-HWTRA-002.png,工程灯具/HW10-GYHG-X310-001.png,no
工程灯具,工程灯具 | 五金杂件及工程灯具,五金杂件及工程灯具,CM05-WHRN-HWVEN-001,HW10-GYHG-XB58-001,,工程灯具/CM05-WHRN-HWVEN-001.png,工程灯具/HW10-GYHG-XB58-001.png,no
工程灯具,工程灯具 | 五金杂件及工程灯具,五金杂件及工程灯具,CE11-WHRN-HWSWI-001,HW10-GYHG-X218-001,,工程灯具/CE11-WHRN-HWSWI-001.png,工程灯具/HW10-GYHG-X218-001.png,no
工程灯具,工程灯具 | 五金杂件及工程灯具,五金杂件及工程灯具,CE11-WHRN-HWSWI-002,HW10-GYHG-XE86-001,,工程灯具/CE11-WHRN-HWSWI-002.png,工程灯具/HW10-GYHG-XE86-001.png,no
工程灯具,工程灯具 | 五金杂件及工程灯具,五金杂件及工程灯具,CE11-BKCH-HWSWI-003,HW10-GYHG-XF71-001,,工程灯具/CE11-BKCH-HWSWI-003.png,工程灯具/HW10-GYHG-XF71-001.png,no
工程灯具,工程灯具 | 五金杂件及工程灯具,五金杂件及工程灯具,CE11-BKCH-HWSWI-004,HW10-GYHG-X67C-001,,工程灯具/CE11-BKCH-HWSWI-004.png,工程灯具/HW10-GYHG-X67C-001.png,no
工程灯具,工程灯具 | 五金杂件及工程灯具,五金杂件及工程灯具,CE11-BKCH-HWSWI-005,HW10-GYHG-XEE8-001,,工程灯具/CE11-BKCH-HWSWI-005.png,工程灯具/HW10-GYHG-XEE8-001.png,no
工程灯具,工程灯具 | 五金杂件及工程灯具,五金杂件及工程灯具,CE11-BKCH-HWSWI-006,HW10-GYHG-X740-001,,工程灯具/CE11-BKCH-HWSWI-006.png,工程灯具/HW10-GYHG-X740-001.png,no
桌椅,桌椅 | 定制活动家具及软装物料,定制活动家具及软装物料,WD08-WDAM-MFTBL-005,FN06-GYHG-XC9E-001,,桌椅/WD08-WDAM-MFTBL-005.png,桌椅/FN06-GYHG-XC9E-001.png,no
桌椅,桌椅 | 定制活动家具及软装物料,定制活动家具及软装物料,WD08-WDAM-MFTBL-001,FN06-GYHG-X674-001,,桌椅/WD08-WDAM-MFTBL-001.png,桌椅/FN06-GYHG-X674-001.png,no
桌椅,桌椅 | 定制活动家具及软装物料,定制活动家具及软装物料,WD08-WDAM-MFTBL-001,FN06-GYHG-XBFD-001,,桌椅/WD08-WDAM-MFTBL-001.png,桌椅/FN06-GYHG-XBFD-001.png,no
桌椅,桌椅 | 定制活动家具及软装物料,定制活动家具及软装物料,WD08-WDAM-MFTBL-002,FN06-GYHG-X8D6-001,,桌椅/WD08-WDAM-MFTBL-002.png,桌椅/FN06-GYHG-X8D6-001.png,no
桌椅,桌椅 | 定制活动家具及软装物料,定制活动家具及软装物料,WD08-WDAM-MFTBL-003,FN06-GYHG-XE5E-001,,桌椅/WD08-WDAM-MFTBL-003.png,桌椅/FN06-GYHG-XE5E-001.png,no
桌椅,桌椅 | 定制活动家具及软装物料,定制活动家具及软装物料,WD08-WDAM-MFCHR-001,FN06-GYHG-XEB7-001,,桌椅/WD08-WDAM-MFCHR-001.png,桌椅/FN06-GYHG-XEB7-001.png,no
桌椅,桌椅 | 定制活动家具及软装物料,定制活动家具及软装物料,WD08-WDAM-MFCHR-002,FN06-GYHG-XE90-001,,桌椅/WD08-WDAM-MFCHR-002.png,桌椅/FN06-GYHG-XE90-001.png,no
桌椅,桌椅 | 定制活动家具及软装物料,定制活动家具及软装物料,WD08-WDAM-MFTBL-004,FN06-GYHG-X611-001,,桌椅/WD08-WDAM-MFTBL-004.png,桌椅/FN06-GYHG-X611-001.png,no
桌椅,桌椅 | 定制活动家具及软装物料,定制活动家具及软装物料,WD08-WDAM-MFTBL-005,FN06-GYHG-X011-001,,桌椅/WD08-WDAM-MFTBL-005.png,桌椅/FN06-GYHG-X011-001.png,no
桌椅,桌椅 | 定制活动家具及软装物料,定制活动家具及软装物料,WD08-WDAM-MFCHR-003,FN06-GYHG-X6AA-001,,桌椅/WD08-WDAM-MFCHR-003.png,桌椅/FN06-GYHG-X6AA-001.png,no
灯笼,灯笼,灯笼,LE01-RDDH-SSASK-001,LN11-GYHG-X6AE-001,,灯笼/LE01-RDDH-SSASK-001.png,灯笼/LN11-GYHG-X6AE-001.png,no
灯笼,灯笼,灯笼,LE01-MEMG-SSASK-001,LN11-GYHG-XB94-001,,灯笼/LE01-MEMG-SSASK-001.png,灯笼/LN11-GYHG-XB94-001.png,no
灯笼,灯笼,灯笼,LE01-MEMG-SSASK-002,LN11-GYHG-X5C2-001,,灯笼/LE01-MEMG-SSASK-002.png,灯笼/LN11-GYHG-X5C2-001.png,no
灯笼,灯笼,灯笼,LE01-MEMG-SSASK-003,LN11-GYHG-X6B7-001,,灯笼/LE01-MEMG-SSASK-003.png,灯笼/LN11-GYHG-X6B7-001.png,no
灯笼,灯笼,灯笼,LE01-MEMG-SSASK-004,LN11-GYHG-X047-001,,灯笼/LE01-MEMG-SSASK-004.png,灯笼/LN11-GYHG-X047-001.png,no
灯笼,灯笼,灯笼,LE01-MEMG-SSASK-005,LN11-GYHG-X78D-001,,灯笼/LE01-MEMG-SSASK-005.png,灯笼/LN11-GYHG-X78D-001.png,no
灯笼,灯笼,灯笼,LE01-MEMG-SSASK-006,LN11-GYHG-XE9A-001,,灯笼/LE01-MEMG-SSASK-006.png,灯笼/LN11-GYHG-XE9A-001.png,no
灯笼,灯笼,灯笼,LE01-RDDH-SSASK-002,LN11-GYHG-XEE3-001,,灯笼/LE01-RDDH-SSASK-002.png,灯笼/LN11-GYHG-XEE3-001.png,no
灯笼,灯笼,灯笼,LE01-RDDH-SSASK-003,LN11-GYHG-X72A-001,,灯笼/LE01-RDDH-SSASK-003.png,灯笼/LN11-GYHG-X72A-001.png,no
灯笼,灯笼,灯笼,CE11-BKCHSSASK-001,LN11-GYHG-X3E1-001,,灯笼/CE11-BKCHSSASK-001.png,灯笼/LN11-GYHG-X3E1-001.png,no
玻璃钢,玻璃钢 | 定制玻璃钢雕塑,定制玻璃钢雕塑,CMO4-MEGT-CACAW-001,FG05-GYHG-X396-001,,玻璃钢/CMO4-MEGT-CACAW-001.png,玻璃钢/FG05-GYHG-X396-001.png,no
瓷砖,瓷砖 | 墙地瓷砖制品,墙地瓷砖制品,CE04-GYHG-FDFLT-001,TI02-GYHG-TIFGW-001,,瓷砖/CE04-GYHG-FDFLT-001.png,瓷砖/TI02-GYHG-TIFGW-001.png,no
瓷砖,瓷砖 | 墙地瓷砖制品,墙地瓷砖制品,CE04-GYHG-FDFLT-002,TI02-GYHG-TIYAG-001,,瓷砖/CE04-GYHG-FDFLT-002.png,瓷砖/TI02-GYHG-TIYAG-001.png,no
瓷砖,瓷砖 | 墙地瓷砖制品,墙地瓷砖制品,CE04-WHTZ-WDWLT-001,TI02-GYHG-X183-001,,瓷砖/CE04-WHTZ-WDWLT-001.png,瓷砖/TI02-GYHG-X183-001.png,no
瓷砖,瓷砖 | 墙地瓷砖制品,墙地瓷砖制品,CE04-GYHG-FDFLT-003,TI02-GYHG-TIDG-001,,瓷砖/CE04-GYHG-FDFLT-003.png,瓷砖/TI02-GYHG-TIDG-001.png,no
石材,石材 | 定制石材制品,定制石材制品,ST03-BLTQ-ABGUA-001,ST07-GYHG-X9E9-001,,石材/ST03-BLTQ-ABGUA-001.png,石材/ST07-GYHG-X9E9-001.png,no
石材,石材 | 定制石材制品,定制石材制品,ST012-GYHG-ABPED-001,ST07-GYHG-X999-001,,石材/ST012-GYHG-ABPED-001.png,石材/ST07-GYHG-X999-001.png,no
石材,石材 | 定制石材制品,定制石材制品,ST012-GYHG-ABPED-001,ST07-GYHG-X5BA-001,,石材/ST012-GYHG-ABPED-001.png,石材/ST07-GYHG-X5BA-001.png,no
石材,石材 | 定制石材制品,定制石材制品,ST012-GYHG-ABPED-002,ST07-GYHG-XD09-001,,石材/ST012-GYHG-ABPED-002.png,石材/ST07-GYHG-XD09-001.png,no
石材,石材 | 定制石材制品,定制石材制品,ST012-GYHG-ABPED-002,ST07-GYHG-X391-001,,石材/ST012-GYHG-ABPED-002.png,石材/ST07-GYHG-X391-001.png,no
石材,石材 | 定制石材制品,定制石材制品,ST03-BLTQ-ABPED-003,ST07-GYHG-X8F2-001,,石材/ST03-BLTQ-ABPED-003.png,石材/ST07-GYHG-X8F2-001.png,no
石材,石材 | 定制石材制品,定制石材制品,ST03-BLTQ-ABGUA-002,ST07-GYHG-X2D3-001,,石材/ST03-BLTQ-ABGUA-002.png,石材/ST07-GYHG-X2D3-001.png,no
石材,石材 | 定制石材制品,定制石材制品,ST01-BKCH-FFFIN-001,ST07-GYHG-X247-001,,石材/ST01-BKCH-FFFIN-001.png,石材/ST07-GYHG-X247-001.png,no
石材,石材 | 定制石材制品,定制石材制品,ST13-WHRN-FFFIN-001,ST07-GYHG-X962-001,,石材/ST13-WHRN-FFFIN-001.png,石材/ST07-GYHG-X962-001.png,no
石材,石材 | 定制石材制品,定制石材制品,ST02-BKYB-FDFLR-001,ST07-GYHG-XB07-001,,石材/ST02-BKYB-FDFLR-001.png,石材/ST07-GYHG-XB07-001.png,no
砖瓦,砖瓦,砖瓦,ST08-WDAM-ABTIE-001,BR99-GYHG-ABTIE-001,,砖瓦/ST08-WDAM-ABTIE-001.png,砖瓦/BR99-GYHG-ABTIE-001.png,no
砖瓦,砖瓦,砖瓦,WD08-WDWDABRAF-001,BR99-GYHG-ABRAF-001,,砖瓦/WD08-WDWDABRAF-001.png,砖瓦/BR99-GYHG-ABRAF-001.png,no
砖瓦,砖瓦,砖瓦,CE01-GYHG-ABHRG-002,BR99-GYHG-ABHRG-001,,砖瓦/CE01-GYHG-ABHRG-002.png,砖瓦/BR99-GYHG-ABHRG-001.png,no
砖瓦,砖瓦,砖瓦,CE01-GYHG-ABETH-002,BR99-GYHG-ABETH-001,,砖瓦/CE01-GYHG-ABETH-002.png,砖瓦/BR99-GYHG-ABETH-001.png,no
砖瓦,砖瓦,砖瓦,CE01-GYHG-ABDET-001,BR99-GYHG-X8D5-001,,砖瓦/CE01-GYHG-ABDET-001.png,砖瓦/BR99-GYHG-X8D5-001.png,no
砖瓦,砖瓦,砖瓦,CE01-GYHG-ABWBG-001,BR99-GYHG-ABETH-002,,砖瓦/CE01-GYHG-ABWBG-001.png,砖瓦/BR99-GYHG-ABETH-002.png,no
砖瓦,砖瓦,砖瓦,CE01-GYHG-ABCEC-001,BR99-GYHG-X6BA-001,,砖瓦/CE01-GYHG-ABCEC-001.png,砖瓦/BR99-GYHG-X6BA-001.png,no
砖瓦,砖瓦,砖瓦,CE01-GYHG-ABMRR-001,BR99-GYHG-ABMRR-001,,砖瓦/CE01-GYHG-ABMRR-001.png,砖瓦/BR99-GYHG-ABMRR-001.png,no
砖瓦,砖瓦,砖瓦,CE01-GYHG-ABCEC-002,BR99-GYHG-ABMRR-002,,砖瓦/CE01-GYHG-ABCEC-002.png,砖瓦/BR99-GYHG-ABMRR-002.png,no
砖瓦,砖瓦,砖瓦,CE01-GYHG-ABCEC-003,BR99-GYHG-X655-001,,砖瓦/CE01-GYHG-ABCEC-003.png,砖瓦/BR99-GYHG-X655-001.png,no
砖瓦,砖瓦,砖瓦,CE01-GYHG-ABMRR-001,BR99-GYHG-ABETH-003,,砖瓦/CE01-GYHG-ABMRR-001.png,砖瓦/BR99-GYHG-ABETH-003.png,no
砖瓦,砖瓦,砖瓦,WD012-WDAM-ABPED-002,BR99-GYHG-X429-001,,砖瓦/WD012-WDAM-ABPED-002.png,砖瓦/BR99-GYHG-X429-001.png,no
砖瓦,砖瓦,砖瓦,WD08-WDAM-ABCOL-002,BR99-GYHG-X9A8-001,,砖瓦/WD08-WDAM-ABCOL-002.png,砖瓦/BR99-GYHG-X9A8-001.png,no
软装,软装 | 定制活动家具及软装物料,定制活动家具及软装物料,CMO4-MEGT-CACAW-002,FN06-GYHG-X1B7-001,,软装/CMO4-MEGT-CACAW-002.png,软装/FN06-GYHG-X1B7-001.png,no
软装,软装 | 定制活动家具及软装物料,定制活动家具及软装物料,CMO4-MEGT-CACAW-003,FN06-GYHG-X2E1-001,,软装/CMO4-MEGT-CACAW-003.png,软装/FN06-GYHG-X2E1-001.png,no
软装,软装 | 定制活动家具及软装物料,定制活动家具及软装物料,CE02-HMWI-FFAOR-001,FN06-GYHG-X208-001,,软装/CE02-HMWI-FFAOR-001.png,软装/FN06-GYHG-X208-001.png,no
软装,软装 | 定制活动家具及软装物料,定制活动家具及软装物料,CMO4-MEGT-CACAW-002,FN06-GYHG-XB73-001,,软装/CMO4-MEGT-CACAW-002.png,软装/FN06-GYHG-XB73-001.png,no
软装,软装 | 定制活动家具及软装物料,定制活动家具及软装物料,RDEH FB07-MFCCU-001,FN06-GYHG-X1EB-001,,软装/RDEH FB07-MFCCU-001.png,软装/FN06-GYHG-X1EB-001.png,no
软装,软装 | 定制活动家具及软装物料,定制活动家具及软装物料,RDEH FB07-MFCCU-001,FN06-GYHG-X7D6-001,,软装/RDEH FB07-MFCCU-001.png,软装/FN06-GYHG-X7D6-001.png,no
软装,软装 | 定制活动家具及软装物料,定制活动家具及软装物料,RDEH FB07-MFHGB-002,FN06-GYHG-X81F-001,,软装/RDEH FB07-MFHGB-002.png,软装/FN06-GYHG-X81F-001.png,no
软装,软装 | 定制活动家具及软装物料,定制活动家具及软装物料,RDEH FB07-MFHGB-001,FN06-GYHG-X4DE-001,,软装/RDEH FB07-MFHGB-001.png,软装/FN06-GYHG-X4DE-001.png,no
软装,软装 | 定制活动家具及软装物料,定制活动家具及软装物料,RDEH FB07-MFHGB-002,FN06-GYHG-X4BE-001,,软装/RDEH FB07-MFHGB-002.png,软装/FN06-GYHG-X4BE-001.png,no
锅具,锅具 | 厨房电器及设备,厨房电器及设备,MT08-MEGT-EQCKW-001,KT08-GYHG-HZB-001,,锅具/MT08-MEGT-EQCKW-001.png,锅具/KT08-GYHG-HZB-001.png,no
锅具,锅具 | 厨房电器及设备,厨房电器及设备,MT08-MEGT-EQCKW-002,KT08-GYHG-HZD-001,,锅具/MT08-MEGT-EQCKW-002.png,锅具/KT08-GYHG-HZD-001.png,no
锅具,锅具 | 厨房电器及设备,厨房电器及设备,MT08-MEGT-EQCKW-003,KT08-GYHG-XB71-001,,锅具/MT08-MEGT-EQCKW-003.png,锅具/KT08-GYHG-XB71-001.png,no
锅具,锅具 | 厨房电器及设备,厨房电器及设备,MT08-MEGT-EQCKW-004,KT08-GYHG-XDCC-001,,锅具/MT08-MEGT-EQCKW-004.png,锅具/KT08-GYHG-XDCC-001.png,no
锅具,锅具 | 厨房电器及设备,厨房电器及设备,MT08-MEGT-EQCKW-005,KT08-GYHG-HZSD-001,,锅具/MT08-MEGT-EQCKW-005.png,锅具/KT08-GYHG-HZSD-001.png,no
锅具,锅具 | 厨房电器及设备,厨房电器及设备,MT08-MEGT-EQCKW-006,KT08-GYHG-HZSB-001,,锅具/MT08-MEGT-EQCKW-006.png,锅具/KT08-GYHG-HZSB-001.png,no
锅具,锅具 | 厨房电器及设备,厨房电器及设备,MT08-MEGT-EQCKW-007,KT08-GYHG-HBSD-001,,锅具/MT08-MEGT-EQCKW-007.png,锅具/KT08-GYHG-HBSD-001.png,no
锅具,锅具 | 厨房电器及设备,厨房电器及设备,MT08-MEGT-EQCKW-008,KT08-GYHG-HBB-001,,锅具/MT08-MEGT-EQCKW-008.png,锅具/KT08-GYHG-HBB-001.png,no
锅具,锅具 | 厨房电器及设备,厨房电器及设备,MT08-MEGT-EQCKW-009,KT08-GYHG-HBSD-002,,锅具/MT08-MEGT-EQCKW-009.png,锅具/KT08-GYHG-HBSD-002.png,no
锅具,锅具 | 厨房电器及设备,厨房电器及设备,MT08-MEGT-EQCKW-010,KT08-GYHG-HBSB-001,,锅具/MT08-MEGT-EQCKW-010.png,锅具/KT08-GYHG-HBSB-001.png,no
锅具,锅具 | 厨房电器及设备,厨房电器及设备,MT08-MEGT-EQCKW-011,KT08-GYHG-HBSD-003,,锅具/MT08-MEGT-EQCKW-011.png,锅具/KT08-GYHG-HBSD-003.png,no
锅具,锅具 | 厨房电器及设备,厨房电器及设备,MT08-MEGT-EQCKW-012,KT08-GYHG-HBSB-002,,锅具/MT08-MEGT-EQCKW-012.png,锅具/KT08-GYHG-HBSB-002.png,no
锅具,锅具 | 厨房电器及设备,厨房电器及设备,MT01-MEGT-MMCMP-002,KT08-GYHG-X505-001,,锅具/MT01-MEGT-MMCMP-002.png,锅具/KT08-GYHG-X505-001.png,no
锅具,锅具 | 厨房电器及设备,厨房电器及设备,MT01-MEGT-MMCMP-003,KT08-GYHG-XF8A-001,,锅具/MT01-MEGT-MMCMP-003.png,锅具/KT08-GYHG-XF8A-001.png,no
